ID;SKU;Marca;Temporada;Titulo_Actual;Precio;Precio_Formateado;Cant_Fotos;Tiene_Descripcion;Largo_Desc;Resumen_Desc;Stock_Total;Cant_Variantes_Color;Cant_Modalidades_Curva;Puntaje_Calidad_100;Nivel_Estado;Problemas_Detectados;URL_ERP
4658;"PJ000762";"PETITE JOLIE";"Verano 27";"PJ000762";1.5;"$ 1,50";7;SI;59;"COMBO CHARMS  Kit de 10 llaveros surtidos de Petite Jolie";0;0;0;50;REGULAR;"TITULO_ES_SKU | PRECIO_ANOMALO (<$5k) | SIN_VARIANTES | SIN_STOCK_INMEDIATO | SIN_CURVAS_MODALIDADES";"https://mayoristas.skyblue.com.ar/Products/4658"
3924;"PJ10072";"PETITE JOLIE";"Invierno 26";"PJ10072";47124;"$ 47.124,00 + IVA";11;SI;431;"Estructurado, seguro y funcional, el bolso Olga es ideal par";2;4;1;80;EXCELENTE;"TITULO_ES_SKU";"https://mayoristas.skyblue.com.ar/Products/3924"
3925;"PJ10085";"PETITE JOLIE";"Verano 27";"PJ10085";32484;"$ 32.484,00 + IVA";4;SI;843;"Bolso pequeño rectangular negro. Fabricado en J-Lastic con t";2;5;1;80;EXCELENTE;"TITULO_ES_SKU";"https://mayoristas.skyblue.com.ar/Products/3925"
4556;"PJ10362II";"PETITE JOLIE";"Todo el año";"PJ10362II";16040;"$ 16.040,00 + IVA";5;NO;0;"";0;3;1;55;REGULAR;"TITULO_ES_SKU | SIN_DESCRIPCION | SIN_STOCK_INMEDIATO";"https://mayoristas.skyblue.com.ar/Products/4556"
4557;"PJ10362III";"PETITE JOLIE";"Todo el año";"PJ10362III";18204;"$ 18.204,00 + IVA";5;NO;0;"";0;5;1;55;REGULAR;"TITULO_ES_SKU | SIN_DESCRIPCION | SIN_STOCK_INMEDIATO";"https://mayoristas.skyblue.com.ar/Products/4557"
4500;"PJ10676";"PETITE JOLIE";"Todo el año";"PJ10676";18950;"$ 18.950,00 + IVA";4;NO;0;"";3;1;1;55;REGULAR;"TITULO_ES_SKU | SIN_DESCRIPCION";"https://mayoristas.skyblue.com.ar/Products/4500"
4509;"PJ10734B";"PETITE JOLIE";"Verano 27";"PJ10734B";47304;"$ 47.304,00 + IVA";6;NO;0;"";37;7;1;55;REGULAR;"TITULO_ES_SKU | SIN_DESCRIPCION";"https://mayoristas.skyblue.com.ar/Products/4509"
4501;"PJ10752";"PETITE JOLIE";"Todo el año";"PJ10752";14445;"$ 14.445,00 + IVA";1;NO;0;"";10;1;1;45;CRITICO;"SOLO_1_FOTO | TITULO_ES_SKU | SIN_DESCRIPCION";"https://mayoristas.skyblue.com.ar/Products/4501"
4514;"PJ10789";"PETITE JOLIE";"Todo el año";"PJ10789";12250;"$ 12.250,00 + IVA";6;NO;0;"";26;4;1;55;REGULAR;"TITULO_ES_SKU | SIN_DESCRIPCION";"https://mayoristas.skyblue.com.ar/Products/4514"
4515;"PJ10834";"PETITE JOLIE";"Todo el año";"PJ10834";15900;"$ 15.900,00 + IVA";5;NO;0;"";25;4;1;55;REGULAR;"TITULO_ES_SKU | SIN_DESCRIPCION";"https://mayoristas.skyblue.com.ar/Products/4515"
4518;"PJ10860";"PETITE JOLIE";"Todo el año";"PJ10860";9300;"$ 9.300,00 + IVA";4;NO;0;"";21;3;1;55;REGULAR;"TITULO_ES_SKU | SIN_DESCRIPCION";"https://mayoristas.skyblue.com.ar/Products/4518"
4604;"PJ10903";"PETITE JOLIE";"Todo el año";"PJ10903";18950;"$ 18.950,00 + IVA";3;NO;0;"";0;5;1;55;REGULAR;"TITULO_ES_SKU | SIN_DESCRIPCION | SIN_STOCK_INMEDIATO";"https://mayoristas.skyblue.com.ar/Products/4604"
4519;"PJ10980";"PETITE JOLIE";"Verano 27";"PJ10980";32484;"$ 32.484,00 + IVA";1;NO;0;"";15;3;1;45;CRITICO;"SOLO_1_FOTO | TITULO_ES_SKU | SIN_DESCRIPCION";"https://mayoristas.skyblue.com.ar/Products/4519"
4508;"PJ11015";"PETITE JOLIE";"Todo el año";"PJ11015";55854;"$ 55.854,00 + IVA";13;NO;0;"";38;4;1;55;REGULAR;"TITULO_ES_SKU | SIN_DESCRIPCION";"https://mayoristas.skyblue.com.ar/Products/4508"
4521;"PJ11053";"PETITE JOLIE";"Todo el año";"PJ11053";52480;"$ 52.480,00 + IVA";7;NO;0;"";11;3;1;55;REGULAR;"TITULO_ES_SKU | SIN_DESCRIPCION";"https://mayoristas.skyblue.com.ar/Products/4521"
4513;"PJ11160";"PETITE JOLIE";"Todo el año";"PJ11160";47304;"$ 47.304,00 + IVA";4;SI;662;"¡El bolso Heaven regresa con un nuevo diseño! Es un bolso to";27;4;1;80;EXCELENTE;"TITULO_ES_SKU";"https://mayoristas.skyblue.com.ar/Products/4513"
4507;"PJ11172";"PETITE JOLIE";"Todo el año";"PJ11172";26784;"$ 26.784,00 + IVA";4;NO;0;"";41;7;1;55;REGULAR;"TITULO_ES_SKU | SIN_DESCRIPCION";"https://mayoristas.skyblue.com.ar/Products/4507"
3930;"PJ11182";"PETITE JOLIE";"Invierno 26";"PJ11182";44447;"$ 44.447,00 + IVA";5;SI;378;"Versátil y auténtico, el bolso Icon es perfecto para crear l";3;1;1;80;EXCELENTE;"TITULO_ES_SKU";"https://mayoristas.skyblue.com.ar/Products/3930"
3946;"PJ11274";"PETITE JOLIE";"Invierno 26";"PJ11274";39091;"$ 39.091,00 + IVA";7;SI;566;"Un bolso de compras estructurado con amplio espacio interior";0;4;1;80;EXCELENTE;"TITULO_ES_SKU | SIN_STOCK_INMEDIATO";"https://mayoristas.skyblue.com.ar/Products/3946"
4505;"PJ11275";"PETITE JOLIE";"Todo el año";"PJ11275";44447;"$ 44.447,00 + IVA";12;NO;0;"";55;3;1;55;REGULAR;"TITULO_ES_SKU | SIN_DESCRIPCION";"https://mayoristas.skyblue.com.ar/Products/4505"
3931;"PJ11282";"PETITE JOLIE";"Invierno 26";"PJ11282";41769;"$ 41.769,00 + IVA";6;SI;509;"El bolso Petite Jolie Thayla es un modelo moderno inspirado ";1;2;1;80;EXCELENTE;"TITULO_ES_SKU";"https://mayoristas.skyblue.com.ar/Products/3931"
3932;"PJ11295";"PETITE JOLIE";"Verano 27";"PJ11295";35334;"$ 35.334,00 + IVA";6;SI;625;"Un bolso cruzado con forma estructurada y correa ancha para ";2;6;1;80;EXCELENTE;"TITULO_ES_SKU";"https://mayoristas.skyblue.com.ar/Products/3932"
3933;"PJ11307";"PETITE JOLIE";"Verano 27";"PJ11307";41604;"$ 41.604,00 + IVA";8;SI;463;"Rocky es sinónimo de practicidad. Cuenta con bolsillo fronta";0;1;1;80;EXCELENTE;"TITULO_ES_SKU | SIN_STOCK_INMEDIATO";"https://mayoristas.skyblue.com.ar/Products/3933"
3934;"PJ11321";"PETITE JOLIE";"Invierno 26";"PJ11321";47124;"$ 47.124,00 + IVA";9;SI;513;"El bolso Petite Jolie Amalfi es un bolso shopper espacioso y";1;3;1;80;EXCELENTE;"TITULO_ES_SKU";"https://mayoristas.skyblue.com.ar/Products/3934"
3935;"PJ11333";"PETITE JOLIE";"Invierno 26";"PJ11333";33200;"$ 33.200,00 + IVA";5;SI;307;"La Petite Jolie Thayla (PJ11333) es una bolsa estilo baguete";1;1;1;80;EXCELENTE;"TITULO_ES_SKU";"https://mayoristas.skyblue.com.ar/Products/3935"
4522;"PJ11335";"PETITE JOLIE";"Todo el año";"PJ11335";25166;"$ 25.166,00 + IVA";2;NO;0;"";0;2;1;55;REGULAR;"TITULO_ES_SKU | SIN_DESCRIPCION | SIN_STOCK_INMEDIATO";"https://mayoristas.skyblue.com.ar/Products/4522"
3936;"PJ11335";"PETITE JOLIE";"Verano 27";"PJ11335";26784;"$ 26.784,00 + IVA";10;SI;625;"Un bolso cruzado con forma estructurada y correa ancha para ";18;8;1;80;EXCELENTE;"TITULO_ES_SKU";"https://mayoristas.skyblue.com.ar/Products/3936"
4572;"PJ11352";"PETITE JOLIE";"Verano 27";"PJ11352";35334;"$ 35.334,00 + IVA";4;NO;0;"";0;4;1;55;REGULAR;"TITULO_ES_SKU | SIN_DESCRIPCION | SIN_STOCK_INMEDIATO";"https://mayoristas.skyblue.com.ar/Products/4572"
3937;"PJ11353";"PETITE JOLIE";"Invierno 26";"PJ11353";47124;"$ 47.124,00 + IVA";9;SI;242;"Bolso precioso con textura, cierre de cremallera y gran espa";0;3;1;80;EXCELENTE;"TITULO_ES_SKU | SIN_STOCK_INMEDIATO";"https://mayoristas.skyblue.com.ar/Products/3937"
3938;"PJ11355";"PETITE JOLIE";"Invierno 26";"PJ11355";27924;"$ 27.924,00 + IVA";11;SI;744;"Fervo es un pequeño bolso J-Lastic , perfecto para llevar so";2;9;1;80;EXCELENTE;"TITULO_ES_SKU";"https://mayoristas.skyblue.com.ar/Products/3938"
3939;"PJ11359";"PETITE JOLIE";"Invierno 26";"PJ11359";44447;"$ 44.447,00 + IVA";8;SI;807;"El bolso Icon es un pequeño bolso confeccionado íntegramente";0;2;1;80;EXCELENTE;"TITULO_ES_SKU | SIN_STOCK_INMEDIATO";"https://mayoristas.skyblue.com.ar/Products/3939"
3940;"PJ11362";"PETITE JOLIE";"Invierno 26";"PJ11362";39091;"$ 39.091,00 + IVA";14;SI;819;"El bolso May es un bolso baguette de tamaño mediano confecci";5;4;1;80;EXCELENTE;"TITULO_ES_SKU";"https://mayoristas.skyblue.com.ar/Products/3940"
3941;"PJ11366";"PETITE JOLIE";"Invierno 26";"PJ11366";55158;"$ 55.158,00 + IVA";6;SI;536;"El bolso Petite Jolie Amalfi es la elección perfecta para qu";2;2;1;80;EXCELENTE;"TITULO_ES_SKU";"https://mayoristas.skyblue.com.ar/Products/3941"
3942;"PJ11367";"PETITE JOLIE";"Invierno 26";"PJ11367";41769;"$ 41.769,00 + IVA";7;SI;530;"El bolso Petite Jolie Moon es el accesorio ideal para quiene";3;2;1;80;EXCELENTE;"TITULO_ES_SKU";"https://mayoristas.skyblue.com.ar/Products/3942"
3943;"PJ11369";"PETITE JOLIE";"Invierno 26";"PJ11369";44447;"$ 44.447,00 + IVA";8;SI;803;"El bolso Icon Fur Bag es un bolso J-Lastic de tamaño mediano";0;2;1;80;EXCELENTE;"TITULO_ES_SKU | SIN_STOCK_INMEDIATO";"https://mayoristas.skyblue.com.ar/Products/3943"
3944;"PJ11376";"PETITE JOLIE";"Invierno 26";"PJ11376";47124;"$ 47.124,00 + IVA";12;SI;737;"El bolso Fluffy es un bolso mediano confeccionado completame";2;3;1;80;EXCELENTE;"TITULO_ES_SKU";"https://mayoristas.skyblue.com.ar/Products/3944"
3945;"PJ11380";"PETITE JOLIE";"Invierno 26";"PJ11380";41604;"$ 41.604,00 + IVA";4;SI;735;"El bolso de crochet Maiorca Petite Jolie encarna la ligereza";0;4;1;80;EXCELENTE;"TITULO_ES_SKU | SIN_STOCK_INMEDIATO";"https://mayoristas.skyblue.com.ar/Products/3945"
4570;"PJ11392";"PETITE JOLIE";"Verano 27";"PJ11392";58704;"$ 58.704,00 + IVA";3;NO;0;"";0;3;1;55;REGULAR;"TITULO_ES_SKU | SIN_DESCRIPCION | SIN_STOCK_INMEDIATO";"https://mayoristas.skyblue.com.ar/Products/4570"
4569;"PJ11418";"PETITE JOLIE";"Verano 27";"PJ11418";35334;"$ 35.334,00 + IVA";2;NO;0;"";0;2;1;55;REGULAR;"TITULO_ES_SKU | SIN_DESCRIPCION | SIN_STOCK_INMEDIATO";"https://mayoristas.skyblue.com.ar/Products/4569"
4573;"PJ11421";"PETITE JOLIE";"Verano 27";"PJ11421";42630;"$ 42.630,00 + IVA";6;NO;0;"";0;6;1;55;REGULAR;"TITULO_ES_SKU | SIN_DESCRIPCION | SIN_STOCK_INMEDIATO";"https://mayoristas.skyblue.com.ar/Products/4573"
4574;"PJ11426";"PETITE JOLIE";"Verano 27";"PJ11426";62124;"$ 62.124,00 + IVA";4;NO;0;"";0;4;1;55;REGULAR;"TITULO_ES_SKU | SIN_DESCRIPCION | SIN_STOCK_INMEDIATO";"https://mayoristas.skyblue.com.ar/Products/4574"
4568;"PJ11438";"PETITE JOLIE";"Verano 27";"PJ11438";55854;"$ 55.854,00 + IVA";4;NO;0;"";0;4;1;55;REGULAR;"TITULO_ES_SKU | SIN_DESCRIPCION | SIN_STOCK_INMEDIATO";"https://mayoristas.skyblue.com.ar/Products/4568"
4567;"PJ11443";"PETITE JOLIE";"Verano 27";"PJ11443";55854;"$ 55.854,00 + IVA";3;NO;0;"";0;3;1;55;REGULAR;"TITULO_ES_SKU | SIN_DESCRIPCION | SIN_STOCK_INMEDIATO";"https://mayoristas.skyblue.com.ar/Products/4567"
4575;"PJ11444";"PETITE JOLIE";"Verano 27";"PJ11444";50154;"$ 50.154,00 + IVA";4;NO;0;"";0;4;1;55;REGULAR;"TITULO_ES_SKU | SIN_DESCRIPCION | SIN_STOCK_INMEDIATO";"https://mayoristas.skyblue.com.ar/Products/4575"
3947;"PJ20167";"PETITE JOLIE";"Verano 27";"PJ20167";19374;"$ 19.374,00 + IVA";9;SI;483;"La cartera Petite Jolie Push es el accesorio perfecto para q";0;12;1;80;EXCELENTE;"TITULO_ES_SKU | SIN_STOCK_INMEDIATO";"https://mayoristas.skyblue.com.ar/Products/3947"
3949;"PJ20204";"PETITE JOLIE";"Invierno 26";"PJ20204";9843;"$ 9.843,00 + IVA";7;SI;175;"Llavero con el logo de Petite Jolie. Delicado, colorido y co";6;4;1;80;EXCELENTE;"TITULO_ES_SKU";"https://mayoristas.skyblue.com.ar/Products/3949"
4660;"PJ20272";"PETITE JOLIE";"Verano 27";"PJ20272";9843;"$ 9.843,00 + IVA";9;NO;0;"";4;2;1;55;REGULAR;"TITULO_ES_SKU | SIN_DESCRIPCION";"https://mayoristas.skyblue.com.ar/Products/4660"
3950;"PJ20323";"PETITE JOLIE";"Invierno 26";"PJ20323";11690;"$ 11.690,00 + IVA";4;SI;645;"El llavero Petite Jolie con colgantes de llave y corazón es ";13;4;1;80;EXCELENTE;"TITULO_ES_SKU";"https://mayoristas.skyblue.com.ar/Products/3950"
3951;"PJ20326";"PETITE JOLIE";"Invierno 26";"PJ20326";9843;"$ 9.843,00 + IVA";5;SI;636;"El llavero Petite Jolie Chocolate 1 PJ20326 es un accesorio ";14;4;1;80;EXCELENTE;"TITULO_ES_SKU";"https://mayoristas.skyblue.com.ar/Products/3951"
3952;"PJ20336";"PETITE JOLIE";"Invierno 26";"PJ20336";6149;"$ 6.149,00 + IVA";4;SI;908;"Delicado, elegante y lleno de personalidad, el llavero Petit";0;2;1;80;EXCELENTE;"TITULO_ES_SKU | SIN_STOCK_INMEDIATO";"https://mayoristas.skyblue.com.ar/Products/3952"
3953;"PJ20339";"PETITE JOLIE";"Invierno 26";"PJ20339";11690;"$ 11.690,00 + IVA";5;SI;365;"El llavero Petite Jolie Lemon 2 PJ20339 es un accesorio vers";16;4;1;80;EXCELENTE;"TITULO_ES_SKU";"https://mayoristas.skyblue.com.ar/Products/3953"
3954;"PJ20344";"PETITE JOLIE";"Invierno 26";"PJ20344";12921;"$ 12.921,00 + IVA";4;SI;208;"Petite Jolie presenta el llavero de osito de peluche, con lo";1;2;1;80;EXCELENTE;"TITULO_ES_SKU";"https://mayoristas.skyblue.com.ar/Products/3954"
3955;"PJ20346";"PETITE JOLIE";"Invierno 26";"PJ20346";11690;"$ 11.690,00 + IVA";4;SI;340;"La correa para celular Petite Jolie Black PJ20346 es el acce";4;2;1;80;EXCELENTE;"TITULO_ES_SKU";"https://mayoristas.skyblue.com.ar/Products/3955"
3956;"PJ20351A";"PETITE JOLIE";"Invierno 26";"PJ20351A";22155;"$ 22.155,00 + IVA";3;SI;592;"Lleva el estilo y la energía de Petite Jolie a cada momento ";1;1;1;80;EXCELENTE;"TITULO_ES_SKU";"https://mayoristas.skyblue.com.ar/Products/3956"
3957;"PJ20351B";"PETITE JOLIE";"Invierno 26";"PJ20351B";22155;"$ 22.155,00 + IVA";3;SI;592;"Lleva el estilo y la energía de Petite Jolie a cada momento ";1;1;1;80;EXCELENTE;"TITULO_ES_SKU";"https://mayoristas.skyblue.com.ar/Products/3957"
3960;"PJ20351C";"PETITE JOLIE";"Invierno 26";"PJ20351C";22155;"$ 22.155,00 + IVA";3;SI;592;"Lleva el estilo y la energía de Petite Jolie a cada momento ";0;1;1;80;EXCELENTE;"TITULO_ES_SKU | SIN_STOCK_INMEDIATO";"https://mayoristas.skyblue.com.ar/Products/3960"
3959;"PJ20351D";"PETITE JOLIE";"Invierno 26";"PJ20351D";22155;"$ 22.155,00 + IVA";3;SI;592;"Lleva el estilo y la energía de Petite Jolie a cada momento ";0;1;1;80;EXCELENTE;"TITULO_ES_SKU | SIN_STOCK_INMEDIATO";"https://mayoristas.skyblue.com.ar/Products/3959"
3958;"PJ20351E";"PETITE JOLIE";"Invierno 26";"PJ20351E";22155;"$ 22.155,00 + IVA";3;SI;592;"Lleva el estilo y la energía de Petite Jolie a cada momento ";1;1;1;80;EXCELENTE;"TITULO_ES_SKU";"https://mayoristas.skyblue.com.ar/Products/3958"
3961;"PJ20351F";"PETITE JOLIE";"Verano 27";"PJ20351F";22155;"$ 22.155,00 + IVA";3;SI;592;"Lleva el estilo y la energía de Petite Jolie a cada momento ";1;1;1;80;EXCELENTE;"TITULO_ES_SKU";"https://mayoristas.skyblue.com.ar/Products/3961"
4520;"PJ3939II";"PETITE JOLIE";"Todo el año";"PJ3939II";39091;"$ 39.091,00 + IVA";5;NO;0;"";14;3;1;55;REGULAR;"TITULO_ES_SKU | SIN_DESCRIPCION";"https://mayoristas.skyblue.com.ar/Products/4520"
4512;"PJ3939III";"PETITE JOLIE";"Verano 27";"PJ3939III";39091;"$ 39.091,00 + IVA";10;NO;0;"";34;3;1;55;REGULAR;"TITULO_ES_SKU | SIN_DESCRIPCION";"https://mayoristas.skyblue.com.ar/Products/4512"
4516;"PJ5494";"PETITE JOLIE";"Todo el año";"PJ5494";1190;"$ 1.190,00 + IVA";3;NO;0;"";24;2;1;40;CRITICO;"TITULO_ES_SKU | SIN_DESCRIPCION | PRECIO_ANOMALO (<$5k)";"https://mayoristas.skyblue.com.ar/Products/4516"
3963;"PJ5517";"PETITE JOLIE";"Invierno 26";"PJ5517";25061;"$ 25.061,00 + IVA";5;SI;479;"¡Hasta los más pequeños pueden tener unas zapatillas deporti";12;1;1;80;EXCELENTE;"TITULO_ES_SKU";"https://mayoristas.skyblue.com.ar/Products/3963"
3964;"PJ5670";"PETITE JOLIE";"Invierno 26";"PJ5670";33200;"$ 33.200,00 + IVA";5;SI;1027;"La bota infantil Lobe está fabricada con J-Lastic , un mater";0;1;1;80;EXCELENTE;"TITULO_ES_SKU | SIN_STOCK_INMEDIATO";"https://mayoristas.skyblue.com.ar/Products/3964"
3965;"PJ6156";"PETITE JOLIE";"Invierno 26";"PJ6156";47124;"$ 47.124,00 + IVA";7;SI;612;"El botín Chelsea, de estilo Chelsea y confeccionado en J-Las";180;2;1;80;EXCELENTE;"TITULO_ES_SKU";"https://mayoristas.skyblue.com.ar/Products/3965"
4498;"PJ6812";"PETITE JOLIE";"Todo el año";"PJ6812II";23934;"$ 23.934,00 + IVA";6;NO;0;"";170;19;1;75;REGULAR;"SIN_DESCRIPCION";"https://mayoristas.skyblue.com.ar/Products/4498"
4419;"PJ6818";"PETITE JOLIE";"Todo el año";"PJ6818";22224;"$ 22.224,00 + IVA";5;NO;0;"";360;11;1;55;REGULAR;"TITULO_ES_SKU | SIN_DESCRIPCION";"https://mayoristas.skyblue.com.ar/Products/4419"
4566;"PJ6901";"PETITE JOLIE";"Verano 27";"PJ6901";11964;"$ 11.964,00 + IVA";12;NO;0;"";0;17;1;55;REGULAR;"TITULO_ES_SKU | SIN_DESCRIPCION | SIN_STOCK_INMEDIATO";"https://mayoristas.skyblue.com.ar/Products/4566"
4610;"PJ6969";"PETITE JOLIE";"Verano 27";"PJ6969 - PJ6969CX";14814;"$ 14.814,00 + IVA";29;NO;0;"";0;29;1;75;REGULAR;"SIN_DESCRIPCION | SIN_STOCK_INMEDIATO";"https://mayoristas.skyblue.com.ar/Products/4610"
4499;"PJ7130II";"PETITE JOLIE";"Verano 27";"PJ7130II";40694;"$ 40.694,00 + IVA";10;NO;0;"";240;4;1;55;REGULAR;"TITULO_ES_SKU | SIN_DESCRIPCION";"https://mayoristas.skyblue.com.ar/Products/4499"
4643;"PJ7132";"PETITE JOLIE";"Todo el año";"PJ7132";26895;"$ 26.895,00 + IVA";1;NO;0;"";0;2;1;45;CRITICO;"SOLO_1_FOTO | TITULO_ES_SKU | SIN_DESCRIPCION | SIN_STOCK_INMEDIATO";"https://mayoristas.skyblue.com.ar/Products/4643"
3967;"PJ7207";"PETITE JOLIE";"Invierno 26";"PJ7207";55158;"$ 55.158,00 + IVA";4;SI;553;"La bota Boston es un botín de media caña confeccionado en J-";72;1;1;80;EXCELENTE;"TITULO_ES_SKU";"https://mayoristas.skyblue.com.ar/Products/3967"
4607;"PJ7233II";"PETITE JOLIE";"Verano 27";"PJ7233II";1.5;"$ 1,50";4;NO;0;"";0;0;0;25;CRITICO;"TITULO_ES_SKU | SIN_DESCRIPCION | PRECIO_ANOMALO (<$5k) | SIN_VARIANTES | SIN_STOCK_INMEDIATO | SIN_CURVAS_MODALIDADES";"https://mayoristas.skyblue.com.ar/Products/4607"
4620;"PJ7321";"PETITE JOLIE";"Verano 27";"PJ7321";1.5;"$ 1,50";6;NO;0;"";0;0;0;25;CRITICO;"TITULO_ES_SKU | SIN_DESCRIPCION | PRECIO_ANOMALO (<$5k) | SIN_VARIANTES | SIN_STOCK_INMEDIATO | SIN_CURVAS_MODALIDADES";"https://mayoristas.skyblue.com.ar/Products/4620"
4576;"PJ7368";"PETITE JOLIE";"Verano 27";"PJ7368";41604;"$ 41.604,00 + IVA";2;NO;0;"";0;3;1;55;REGULAR;"TITULO_ES_SKU | SIN_DESCRIPCION | SIN_STOCK_INMEDIATO";"https://mayoristas.skyblue.com.ar/Products/4576"
3968;"PJ7467";"PETITE JOLIE";"Invierno 26";"PJ7467";55158;"$ 55.158,00 + IVA";6;SI;602;"La bota Boston es un botín de media caña confeccionado en J-";12;2;1;80;EXCELENTE;"TITULO_ES_SKU";"https://mayoristas.skyblue.com.ar/Products/3968"
4496;"PJ7482";"PETITE JOLIE";"Todo el año";"PJ7482";32484;"$ 32.484,00 + IVA";1;NO;0;"";312;4;1;45;CRITICO;"SOLO_1_FOTO | TITULO_ES_SKU | SIN_DESCRIPCION";"https://mayoristas.skyblue.com.ar/Products/4496"
4421;"PJ7491";"PETITE JOLIE";"Todo el año";"PJ7491";36990;"$ 36.990,00 + IVA";1;NO;0;"";264;2;1;45;CRITICO;"SOLO_1_FOTO | TITULO_ES_SKU | SIN_DESCRIPCION";"https://mayoristas.skyblue.com.ar/Products/4421"
4497;"PJ7494";"PETITE JOLIE";"Todo el año";"PJ7494";47304;"$ 47.304,00 + IVA";1;NO;0;"";216;5;1;45;CRITICO;"SOLO_1_FOTO | TITULO_ES_SKU | SIN_DESCRIPCION";"https://mayoristas.skyblue.com.ar/Products/4497"
4510;"PJ7499";"PETITE JOLIE";"Todo el año";"PJ7499";26784;"$ 26.784,00 + IVA";1;NO;0;"";36;1;1;45;CRITICO;"SOLO_1_FOTO | TITULO_ES_SKU | SIN_DESCRIPCION";"https://mayoristas.skyblue.com.ar/Products/4510"
3970;"PJ7538";"PETITE JOLIE";"Invierno 26";"PJ7538 - PJ7538C";45824;"$ 45.824,00 + IVA";6;SI;421;"Estas zapatillas ofrecen un estilo urbano e informal, garant";96;3;1;100;EXCELENTE;"";"https://mayoristas.skyblue.com.ar/Products/3970"
4503;"PJ7541";"PETITE JOLIE";"Todo el año";"PJ7541";45824;"$ 45.824,00 + IVA";6;NO;0;"";60;3;1;55;REGULAR;"TITULO_ES_SKU | SIN_DESCRIPCION";"https://mayoristas.skyblue.com.ar/Products/4503"
4504;"PJ7541C";"PETITE JOLIE";"Todo el año";"PJ7541C";55337;"$ 55.337,00 + IVA";5;NO;0;"";60;1;1;55;REGULAR;"TITULO_ES_SKU | SIN_DESCRIPCION";"https://mayoristas.skyblue.com.ar/Products/4504"
4420;"PJ7549";"PETITE JOLIE";"Todo el año";"PJ7549";34445;"$ 34.445,00 + IVA";1;NO;0;"";0;2;1;45;CRITICO;"SOLO_1_FOTO | TITULO_ES_SKU | SIN_DESCRIPCION | SIN_STOCK_INMEDIATO";"https://mayoristas.skyblue.com.ar/Products/4420"
4506;"PJ7561";"PETITE JOLIE";"Todo el año";"PJ7561";47304;"$ 47.304,00 + IVA";1;NO;0;"";48;1;1;45;CRITICO;"SOLO_1_FOTO | TITULO_ES_SKU | SIN_DESCRIPCION";"https://mayoristas.skyblue.com.ar/Products/4506"
4502;"PJ7583";"PETITE JOLIE";"Todo el año";"PJ7583";50154;"$ 50.154,00 + IVA";1;NO;0;"";120;2;1;45;CRITICO;"SOLO_1_FOTO | TITULO_ES_SKU | SIN_DESCRIPCION";"https://mayoristas.skyblue.com.ar/Products/4502"
4517;"PJ7586";"PETITE JOLIE";"Todo el año";"PJ7586";35334;"$ 35.334,00 + IVA";1;NO;0;"";12;2;2;45;CRITICO;"SOLO_1_FOTO | TITULO_ES_SKU | SIN_DESCRIPCION";"https://mayoristas.skyblue.com.ar/Products/4517"
4617;"PJ7592";"PETITE JOLIE";"Verano 27";"PJ7592";1.5;"$ 1,50";5;NO;0;"";0;0;0;25;CRITICO;"TITULO_ES_SKU | SIN_DESCRIPCION | PRECIO_ANOMALO (<$5k) | SIN_VARIANTES | SIN_STOCK_INMEDIATO | SIN_CURVAS_MODALIDADES";"https://mayoristas.skyblue.com.ar/Products/4617"
4565;"PJ7593";"PETITE JOLIE";"Verano 27";"PJ7593";32500;"$ 32.500,00 + IVA";3;NO;0;"";0;4;1;55;REGULAR;"TITULO_ES_SKU | SIN_DESCRIPCION | SIN_STOCK_INMEDIATO";"https://mayoristas.skyblue.com.ar/Products/4565"
4511;"PJ7611";"PETITE JOLIE";"Todo el año";"PJ7611";29634;"$ 29.634,00 + IVA";5;NO;0;"";36;3;1;55;REGULAR;"TITULO_ES_SKU | SIN_DESCRIPCION";"https://mayoristas.skyblue.com.ar/Products/4511"
4564;"PJ7637";"PETITE JOLIE";"Verano 27";"PJ7637";20514;"$ 20.514,00 + IVA";4;NO;0;"";0;4;1;55;REGULAR;"TITULO_ES_SKU | SIN_DESCRIPCION | SIN_STOCK_INMEDIATO";"https://mayoristas.skyblue.com.ar/Products/4564"
3972;"PJ7662";"PETITE JOLIE";"Invierno 26";"PJ7662";30522;"$ 30.522,00 + IVA";11;SI;415;"Las chanclas Jimmy para mujer están confeccionadas en J-Last";216;4;1;80;EXCELENTE;"TITULO_ES_SKU";"https://mayoristas.skyblue.com.ar/Products/3972"
4616;"PJ7665";"PETITE JOLIE";"Verano 27";"PJ7665";1.5;"$ 1,50";5;NO;0;"";0;0;0;25;CRITICO;"TITULO_ES_SKU | SIN_DESCRIPCION | PRECIO_ANOMALO (<$5k) | SIN_VARIANTES | SIN_STOCK_INMEDIATO | SIN_CURVAS_MODALIDADES";"https://mayoristas.skyblue.com.ar/Products/4616"
3973;"PJ7674";"PETITE JOLIE";"Verano 27";"PJ7674";23559;"$ 23.559,00 + IVA";8;SI;628;"La sandalia de plataforma Key de Petite Jolie es perfecta pa";0;7;1;80;EXCELENTE;"TITULO_ES_SKU | SIN_STOCK_INMEDIATO";"https://mayoristas.skyblue.com.ar/Products/3973"
4619;"PJ7677";"PETITE JOLIE";"Verano 27";"PJ7677";1.5;"$ 1,50";4;NO;0;"";0;0;0;25;CRITICO;"TITULO_ES_SKU | SIN_DESCRIPCION | PRECIO_ANOMALO (<$5k) | SIN_VARIANTES | SIN_STOCK_INMEDIATO | SIN_CURVAS_MODALIDADES";"https://mayoristas.skyblue.com.ar/Products/4619"
3984;"PJ7683";"PETITE JOLIE";"Invierno 26";"PJ7683";20881;"$ 20.881,00 + IVA";6;SI;494;"La sandalia Noah II Petite Jolie es ligera, moderna y perfec";216;3;1;80;EXCELENTE;"TITULO_ES_SKU";"https://mayoristas.skyblue.com.ar/Products/3984"
4603;"PJ7703";"PETITE JOLIE";"Verano 27";"PJ7703";35334;"$ 35.334,00 + IVA";6;NO;0;"";0;6;1;55;REGULAR;"TITULO_ES_SKU | SIN_DESCRIPCION | SIN_STOCK_INMEDIATO";"https://mayoristas.skyblue.com.ar/Products/4603"
3983;"PJ7709";"PETITE JOLIE";"Invierno 26";"PJ7709";27844;"$ 27.844,00 + IVA";9;SI;517;"La sandalia Smash Fur para mujer está confeccionada en J-Las";48;3;1;80;EXCELENTE;"TITULO_ES_SKU";"https://mayoristas.skyblue.com.ar/Products/3983"
4614;"PJ7710";"PETITE JOLIE";"Verano 27";"PJ7710";1.5;"$ 1,50";5;NO;0;"";0;0;0;25;CRITICO;"TITULO_ES_SKU | SIN_DESCRIPCION | PRECIO_ANOMALO (<$5k) | SIN_VARIANTES | SIN_STOCK_INMEDIATO | SIN_CURVAS_MODALIDADES";"https://mayoristas.skyblue.com.ar/Products/4614"
3982;"PJ7717";"PETITE JOLIE";"Invierno 26";"PJ7717";69083;"$ 69.083,00 + IVA";13;NO;0;"";48;2;1;55;REGULAR;"TITULO_ES_SKU | SIN_DESCRIPCION";"https://mayoristas.skyblue.com.ar/Products/3982"
3981;"PJ7720";"PETITE JOLIE";"Invierno 26";"PJ7720";52480;"$ 52.480,00 + IVA";6;SI;583;"La sandalia Lovin' Flat Fur es una sandalia J-Lastic para mu";0;2;1;80;EXCELENTE;"TITULO_ES_SKU | SIN_STOCK_INMEDIATO";"https://mayoristas.skyblue.com.ar/Products/3981"
3980;"PJ7725";"PETITE JOLIE";"Invierno 26";"PJ7725";35390;"$ 35.390,00 + IVA";6;SI;340;"Las chanclas Demi para mujer están confeccionadas en J-Lasti";0;2;1;80;EXCELENTE;"TITULO_ES_SKU | SIN_STOCK_INMEDIATO";"https://mayoristas.skyblue.com.ar/Products/3980"
4608;"PJ7735";"PETITE JOLIE";"Verano 27";"PJ7735";33200;"$ 33.200,00 + IVA";5;NO;0;"";0;6;1;55;REGULAR;"TITULO_ES_SKU | SIN_DESCRIPCION | SIN_STOCK_INMEDIATO";"https://mayoristas.skyblue.com.ar/Products/4608"
4615;"PJ7736";"PETITE JOLIE";"Verano 27";"PJ7736";1.5;"$ 1,50";6;NO;0;"";0;0;0;25;CRITICO;"TITULO_ES_SKU | SIN_DESCRIPCION | PRECIO_ANOMALO (<$5k) | SIN_VARIANTES | SIN_STOCK_INMEDIATO | SIN_CURVAS_MODALIDADES";"https://mayoristas.skyblue.com.ar/Products/4615"
3979;"PJ7748";"PETITE JOLIE";"Invierno 26";"PJ7748";39091;"$ 39.091,00 + IVA";1;NO;0;"";0;1;1;45;CRITICO;"SOLO_1_FOTO | TITULO_ES_SKU | SIN_DESCRIPCION | SIN_STOCK_INMEDIATO";"https://mayoristas.skyblue.com.ar/Products/3979"
3978;"PJ7749";"PETITE JOLIE";"Invierno 26";"PJ7749";39091;"$ 39.091,00 + IVA";4;SI;601;"Las Hype IN son unas zapatillas infantiles de punto con suel";0;1;1;80;EXCELENTE;"TITULO_ES_SKU | SIN_STOCK_INMEDIATO";"https://mayoristas.skyblue.com.ar/Products/3978"
3977;"PJ7754";"PETITE JOLIE";"Invierno 26";"PJ7754";44114;"$ 44.114,00 + IVA";9;SI;640;"Las zapatillas Petite Jolie Shoot son la elección perfecta p";156;3;1;80;EXCELENTE;"TITULO_ES_SKU";"https://mayoristas.skyblue.com.ar/Products/3977"
3976;"PJ7757";"PETITE JOLIE";"Invierno 26";"PJ7757";43057;"$ 43.057,00 + IVA";3;SI;769;"La zapatilla Puff es un calzado de estilo aventurero con una";12;3;1;80;EXCELENTE;"TITULO_ES_SKU";"https://mayoristas.skyblue.com.ar/Products/3976"
3975;"PJ7760";"PETITE JOLIE";"Invierno 26";"PJ7760";35334;"$ 35.334,00 + IVA";4;SI;440;"Mesh es un zapato plano para mujer confeccionado íntegrament";0;4;1;80;EXCELENTE;"TITULO_ES_SKU | SIN_STOCK_INMEDIATO";"https://mayoristas.skyblue.com.ar/Products/3975"
3974;"PJ7764";"PETITE JOLIE";"Invierno 26";"PJ7764";35877;"$ 35.877,00 + IVA";1;NO;0;"";0;1;1;45;CRITICO;"SOLO_1_FOTO | TITULO_ES_SKU | SIN_DESCRIPCION | SIN_STOCK_INMEDIATO";"https://mayoristas.skyblue.com.ar/Products/3974"
4563;"PJ7766";"PETITE JOLIE";"Verano 27";"PJ7766";23934;"$ 23.934,00 + IVA";4;NO;0;"";0;4;1;55;REGULAR;"TITULO_ES_SKU | SIN_DESCRIPCION | SIN_STOCK_INMEDIATO";"https://mayoristas.skyblue.com.ar/Products/4563"
4561;"PJ7800";"PETITE JOLIE";"Verano 27";"PJ7800";41604;"$ 41.604,00 + IVA";6;NO;0;"";0;7;1;55;REGULAR;"TITULO_ES_SKU | SIN_DESCRIPCION | SIN_STOCK_INMEDIATO";"https://mayoristas.skyblue.com.ar/Products/4561"
4621;"PJ7802";"PETITE JOLIE";"Verano 27";"PJ7802";1.5;"$ 1,50";2;NO;0;"";0;0;0;25;CRITICO;"TITULO_ES_SKU | SIN_DESCRIPCION | PRECIO_ANOMALO (<$5k) | SIN_VARIANTES | SIN_STOCK_INMEDIATO | SIN_CURVAS_MODALIDADES";"https://mayoristas.skyblue.com.ar/Products/4621"
4622;"PJ7812";"PETITE JOLIE";"Verano 27";"PJ7812";1.5;"$ 1,50";2;NO;0;"";0;0;0;25;CRITICO;"TITULO_ES_SKU | SIN_DESCRIPCION | PRECIO_ANOMALO (<$5k) | SIN_VARIANTES | SIN_STOCK_INMEDIATO | SIN_CURVAS_MODALIDADES";"https://mayoristas.skyblue.com.ar/Products/4622"
4605;"PJ7813";"PETITE JOLIE";"Verano 27";"PJ7813";1.5;"$ 1,50";3;NO;0;"";0;0;0;25;CRITICO;"TITULO_ES_SKU | SIN_DESCRIPCION | PRECIO_ANOMALO (<$5k) | SIN_VARIANTES | SIN_STOCK_INMEDIATO | SIN_CURVAS_MODALIDADES";"https://mayoristas.skyblue.com.ar/Products/4605"
4611;"PJ7814";"PETITE JOLIE";"Verano 27";"PJ7814";1.5;"$ 1,50";3;NO;0;"";0;0;0;25;CRITICO;"TITULO_ES_SKU | SIN_DESCRIPCION | PRECIO_ANOMALO (<$5k) | SIN_VARIANTES | SIN_STOCK_INMEDIATO | SIN_CURVAS_MODALIDADES";"https://mayoristas.skyblue.com.ar/Products/4611"
4606;"PJ7820";"PETITE JOLIE";"Verano 27";"PJ7820 - PJ7820CAB";35877;"$ 35.877,00 + IVA";1;NO;0;"";0;1;1;65;REGULAR;"SOLO_1_FOTO | SIN_DESCRIPCION | SIN_STOCK_INMEDIATO";"https://mayoristas.skyblue.com.ar/Products/4606"
4609;"PJ7829";"PETITE JOLIE";"Verano 27";"PJ7829";1.5;"$ 1,50";3;NO;0;"";0;0;0;25;CRITICO;"TITULO_ES_SKU | SIN_DESCRIPCION | PRECIO_ANOMALO (<$5k) | SIN_VARIANTES | SIN_STOCK_INMEDIATO | SIN_CURVAS_MODALIDADES";"https://mayoristas.skyblue.com.ar/Products/4609"
4562;"PJ7835";"PETITE JOLIE";"Verano 27";"PJ7835";27934;"$ 27.934,00 + IVA";2;NO;0;"";0;2;1;55;REGULAR;"TITULO_ES_SKU | SIN_DESCRIPCION | SIN_STOCK_INMEDIATO";"https://mayoristas.skyblue.com.ar/Products/4562"
4560;"PJ7837";"PETITE JOLIE";"Verano 27";"PJ7837";35334;"$ 35.334,00 + IVA";3;NO;0;"";0;4;1;55;REGULAR;"TITULO_ES_SKU | SIN_DESCRIPCION | SIN_STOCK_INMEDIATO";"https://mayoristas.skyblue.com.ar/Products/4560"
4613;"PJ7861";"PETITE JOLIE";"Verano 27";"PJ7861";1.5;"$ 1,50";3;NO;0;"";0;0;0;25;CRITICO;"TITULO_ES_SKU | SIN_DESCRIPCION | PRECIO_ANOMALO (<$5k) | SIN_VARIANTES | SIN_STOCK_INMEDIATO | SIN_CURVAS_MODALIDADES";"https://mayoristas.skyblue.com.ar/Products/4613"
4618;"PJ7864";"PETITE JOLIE";"Verano 27";"PJ7864";1.5;"$ 1,50";3;NO;0;"";0;0;0;25;CRITICO;"TITULO_ES_SKU | SIN_DESCRIPCION | PRECIO_ANOMALO (<$5k) | SIN_VARIANTES | SIN_STOCK_INMEDIATO | SIN_CURVAS_MODALIDADES";"https://mayoristas.skyblue.com.ar/Products/4618"
4559;"PJ7887";"PETITE JOLIE";"Verano 27";"PJ7887";52890;"$ 52.890,00 + IVA";3;NO;0;"";0;3;1;55;REGULAR;"TITULO_ES_SKU | SIN_DESCRIPCION | SIN_STOCK_INMEDIATO";"https://mayoristas.skyblue.com.ar/Products/4559"
4228;"REF079281";"REFRESH";"Verano 27";"REF079281";50358;"$ 50.358,00 + IVA";10;SI;459;"Sandalia de mujer con tacón de goma de 5 cm de alto, de la m";0;2;3;80;EXCELENTE;"TITULO_ES_SKU | SIN_STOCK_INMEDIATO";"https://mayoristas.skyblue.com.ar/Products/4228"
3858;"REF170184";"REFRESH";"Invierno 26";"REF170184";75558;"$ 75.558,00 + IVA";4;SI;468;"Bota XL de mujer, de la marca Refresh. Fabricada en material";208;1;1;80;EXCELENTE;"TITULO_ES_SKU";"https://mayoristas.skyblue.com.ar/Products/3858"
3882;"REF170445";"REFRESH";"Invierno 26";"REF170445";62958;"$ 62.958,00 + IVA";3;SI;438;"Botín de mujer, de la marca Refresh. Fabricado en material q";0;1;2;80;EXCELENTE;"TITULO_ES_SKU | SIN_STOCK_INMEDIATO";"https://mayoristas.skyblue.com.ar/Products/3882"
4233;"REF170587";"REFRESH";"Verano 27";"REF170587";50358;"$ 50.358,00 + IVA";15;NO;0;"";0;3;1;55;REGULAR;"TITULO_ES_SKU | SIN_DESCRIPCION | SIN_STOCK_INMEDIATO";"https://mayoristas.skyblue.com.ar/Products/4233"
4234;"REF170771";"REFRESH";"Verano 27";"REF170771";45000;"$ 45.000,00 + IVA";11;SI;456;"Sandalia de mujer, de la marca Refresh. Fabricada en suave a";72;3;1;80;EXCELENTE;"TITULO_ES_SKU";"https://mayoristas.skyblue.com.ar/Products/4234"
4235;"REF170777";"REFRESH";"Verano 27";"REF170777";54558;"$ 54.558,00 + IVA";9;SI;392;"Sandalia de mujer, de la marca Refresh. Fabricada en materia";0;2;1;80;EXCELENTE;"TITULO_ES_SKU | SIN_STOCK_INMEDIATO";"https://mayoristas.skyblue.com.ar/Products/4235"
4223;"REF170789";"REFRESH";"Verano 27";"REF170789";35000;"$ 35.000,00 + IVA";1;SI;449;"Sandalia de mujer, de la marca Refresh. Fabricada en suave a";648;2;2;70;REGULAR;"SOLO_1_FOTO | TITULO_ES_SKU";"https://mayoristas.skyblue.com.ar/Products/4223"
3883;"REF170919";"REFRESH";"Invierno 26";"REF170919";65940;"$ 65.940,00 + IVA";3;SI;400;"Botín de mujer, de la marca Refresh. Fabricado en material q";144;2;2;80;EXCELENTE;"TITULO_ES_SKU";"https://mayoristas.skyblue.com.ar/Products/3883"
3800;"REF170926";"REFRESH";"Invierno 26";"REF170926";65940;"$ 65.940,00 + IVA";2;SI;412;"Botín de mujer, de la marca Refresh. Fabricado en material q";0;1;1;80;EXCELENTE;"TITULO_ES_SKU | SIN_STOCK_INMEDIATO";"https://mayoristas.skyblue.com.ar/Products/3800"
3822;"REF170934";"REFRESH";"Todo el año";"REF170934";30818;"$ 30.818,00 + IVA";3;SI;382;"Botín deportivo de mujer, de la marca Refresh. Fabricado en ";144;3;1;80;EXCELENTE;"TITULO_ES_SKU";"https://mayoristas.skyblue.com.ar/Products/3822"
4470;"REF170990";"REFRESH";"Todo el año";"REF170990";62958;"$ 62.958,00 + IVA";1;NO;0;"";240;2;2;45;CRITICO;"SOLO_1_FOTO | TITULO_ES_SKU | SIN_DESCRIPCION";"https://mayoristas.skyblue.com.ar/Products/4470"
4480;"REF170995";"REFRESH";"Todo el año";"REF170995";68758;"$ 68.758,00 + IVA";5;NO;0;"";40;1;3;55;REGULAR;"TITULO_ES_SKU | SIN_DESCRIPCION";"https://mayoristas.skyblue.com.ar/Products/4480"
4472;"REF170997";"REFRESH";"Todo el año";"REF170997";62958;"$ 62.958,00 + IVA";3;NO;0;"";121;2;1;55;REGULAR;"TITULO_ES_SKU | SIN_DESCRIPCION";"https://mayoristas.skyblue.com.ar/Products/4472"
3764;"REF171000";"REFRESH";"Todo el año";"REF171000";65940;"$ 65.940,00 + IVA";1;SI;391;"Borcego militar de mujer, de la marca Refresh. Fabricado en ";408;3;1;70;REGULAR;"SOLO_1_FOTO | TITULO_ES_SKU";"https://mayoristas.skyblue.com.ar/Products/3764"
3765;"REF171002";"REFRESH";"Invierno 26";"REF171002";65940;"$ 65.940,00 + IVA";1;SI;347;"Bota de mujer, de la marca Refresh. Fabricado en material qu";274;2;9;70;REGULAR;"SOLO_1_FOTO | TITULO_ES_SKU";"https://mayoristas.skyblue.com.ar/Products/3765"
4474;"REF171009";"REFRESH";"Todo el año";"REF171009";65940;"$ 65.940,00 + IVA";1;NO;0;"";128;1;3;45;CRITICO;"SOLO_1_FOTO | TITULO_ES_SKU | SIN_DESCRIPCION";"https://mayoristas.skyblue.com.ar/Products/4474"
3763;"REF171223";"REFRESH";"Todo el año";"REF171223";62958;"$ 62.958,00 + IVA";5;SI;348;"Borcego de mujer, de la marca Refresh. Fabricado en material";84;1;1;80;EXCELENTE;"TITULO_ES_SKU";"https://mayoristas.skyblue.com.ar/Products/3763"
3773;"REF171232";"REFRESH";"Invierno 26";"REF171232";65940;"$ 65.940,00 + IVA";6;NO;0;"";152;2;1;55;REGULAR;"TITULO_ES_SKU | SIN_DESCRIPCION";"https://mayoristas.skyblue.com.ar/Products/3773"
4225;"REF171502";"REFRESH";"Verano 27";"REF171502";49102;"$ 49.102,00 + IVA";7;SI;445;"Zapatilla de mujer, de la marca Refresh. Fabricada en materi";232;4;2;80;EXCELENTE;"TITULO_ES_SKU";"https://mayoristas.skyblue.com.ar/Products/4225"
4236;"REF171503";"REFRESH";"Verano 27";"REF171503";54558;"$ 54.558,00 + IVA";5;SI;417;"Zapatilla de mujer, de la marca Refresh. Fabricada en suave ";0;1;1;80;EXCELENTE;"TITULO_ES_SKU | SIN_STOCK_INMEDIATO";"https://mayoristas.skyblue.com.ar/Products/4236"
4220;"REF171540";"REFRESH";"Verano 27";"REF171540";36990;"$ 36.990,00 + IVA";8;SI;449;"Sandalia de mujer, de la marca Refresh. Fabricada en materia";536;2;2;80;EXCELENTE;"TITULO_ES_SKU";"https://mayoristas.skyblue.com.ar/Products/4220"
4237;"REF171560";"REFRESH";"Verano 27";"REF171560";54558;"$ 54.558,00 + IVA";5;SI;448;"Sandalia de mujer, de la marca Refresh. Fabricada en suave a";0;2;1;80;EXCELENTE;"TITULO_ES_SKU | SIN_STOCK_INMEDIATO";"https://mayoristas.skyblue.com.ar/Products/4237"
4238;"REF171608";"REFRESH";"Verano 27";"REF171608";46158;"$ 46.158,00 + IVA";4;SI;444;"Zapatilla de mujer, de la marca Refresh. Fabricada en tejido";0;1;1;80;EXCELENTE;"TITULO_ES_SKU | SIN_STOCK_INMEDIATO";"https://mayoristas.skyblue.com.ar/Products/4238"
4239;"REF171715";"REFRESH";"Verano 27";"REF171715";50358;"$ 50.358,00 + IVA";5;SI;441;"Zapatilla de mujer, de la marca Refresh. Fabricada en tejido";0;1;1;80;EXCELENTE;"TITULO_ES_SKU | SIN_STOCK_INMEDIATO";"https://mayoristas.skyblue.com.ar/Products/4239"
4240;"REF171832";"REFRESH";"Verano 27";"REF171832";46158;"$ 46.158,00 + IVA";5;SI;406;"Zapato de mujer, de la marca Refresh. Fabricado en suave ant";0;1;1;80;EXCELENTE;"TITULO_ES_SKU | SIN_STOCK_INMEDIATO";"https://mayoristas.skyblue.com.ar/Products/4240"
4241;"REF171839";"REFRESH";"Verano 27";"REF171839";54558;"$ 54.558,00 + IVA";5;SI;421;"Zapatilla de mujer, de la marca Refresh. Fabricada en materi";0;1;1;80;EXCELENTE;"TITULO_ES_SKU | SIN_STOCK_INMEDIATO";"https://mayoristas.skyblue.com.ar/Products/4241"
4242;"REF171840";"REFRESH";"Verano 27";"REF171840";54558;"$ 54.558,00 + IVA";5;SI;442;"Zapatilla de mujer, de la marca Refresh. Fabricada en materi";0;1;1;80;EXCELENTE;"TITULO_ES_SKU | SIN_STOCK_INMEDIATO";"https://mayoristas.skyblue.com.ar/Products/4242"
4243;"REF171881";"REFRESH";"Verano 27";"REF171881";50358;"$ 50.358,00 + IVA";5;SI;407;"Sandalia de mujer, de la marcar Refresh. Fabricada en suave ";0;1;1;80;EXCELENTE;"TITULO_ES_SKU | SIN_STOCK_INMEDIATO";"https://mayoristas.skyblue.com.ar/Products/4243"
4244;"REF171882";"REFRESH";"Verano 27";"REF171882";46158;"$ 46.158,00 + IVA";5;SI;363;"Alpargata tipo valenciana de mujer, de la marca Refresh. Fab";0;1;1;80;EXCELENTE;"TITULO_ES_SKU | SIN_STOCK_INMEDIATO";"https://mayoristas.skyblue.com.ar/Products/4244"
4248;"REF171919";"REFRESH";"Verano 27";"REF171919";50358;"$ 50.358,00 + IVA";3;SI;421;"Zapatilla tipo botín de mujer, de la marca Refresh. Fabricad";0;1;1;80;EXCELENTE;"TITULO_ES_SKU | SIN_STOCK_INMEDIATO";"https://mayoristas.skyblue.com.ar/Products/4248"
4494;"REF171950";"REFRESH";"Todo el año";"REF171950";36930;"$ 36.930,00 + IVA";4;NO;0;"";12;1;2;55;REGULAR;"TITULO_ES_SKU | SIN_DESCRIPCION";"https://mayoristas.skyblue.com.ar/Products/4494"
4247;"REF171958";"REFRESH";"Verano 27";"REF171958";50358;"$ 50.358,00 + IVA";5;SI;400;"Alpargata tipo valenciana de mujer, de la marca Refresh. Fab";0;1;1;80;EXCELENTE;"TITULO_ES_SKU | SIN_STOCK_INMEDIATO";"https://mayoristas.skyblue.com.ar/Products/4247"
3759;"REF171977";"REFRESH";"Invierno 26";"REF171977";65940;"$ 65.940,00 + IVA";1;SI;347;"Botín de mujer, de la marca Refresh. Fabricado en un materia";408;2;2;70;REGULAR;"SOLO_1_FOTO | TITULO_ES_SKU";"https://mayoristas.skyblue.com.ar/Products/3759"
3801;"REF171979";"REFRESH";"Invierno 26";"REF171979";62958;"$ 62.958,00 + IVA";3;SI;426;"Botín de mujer, de la marca Refresh. Fabricado en un materia";0;2;2;80;EXCELENTE;"TITULO_ES_SKU | SIN_STOCK_INMEDIATO";"https://mayoristas.skyblue.com.ar/Products/3801"
3774;"REF171981";"REFRESH";"Todo el año";"REF171981";72000;"$ 72.000,00 + IVA";5;SI;372;"Bota de mujer, de la marca Refresh. Fabricado en un material";0;1;2;80;EXCELENTE;"TITULO_ES_SKU | SIN_STOCK_INMEDIATO";"https://mayoristas.skyblue.com.ar/Products/3774"
4469;"REF171985";"REFRESH";"Todo el año";"REF171985";65940;"$ 65.940,00 + IVA";1;NO;0;"";266;2;1;45;CRITICO;"SOLO_1_FOTO | TITULO_ES_SKU | SIN_DESCRIPCION";"https://mayoristas.skyblue.com.ar/Products/4469"
3772;"REF171993";"REFRESH";"Todo el año";"REF171993";62958;"$ 62.958,00 + IVA";1;SI;1151;"Estilo urbano con actitud. Esta bota corta de mujer de Refre";2;2;4;70;REGULAR;"SOLO_1_FOTO | TITULO_ES_SKU";"https://mayoristas.skyblue.com.ar/Products/3772"
3781;"REF171994";"REFRESH";"Invierno 26";"REF171994";75558;"$ 75.558,00 + IVA &nbsp;&nbsp; -";8;SI;967;"Subite a la tendencia con esta bota de mujer de Refresh. Cue";8;2;2;80;EXCELENTE;"TITULO_ES_SKU";"https://mayoristas.skyblue.com.ar/Products/3781"
3761;"REF172081";"REFRESH";"Todo el año";"REF172081";62958;"$ 62.958,00 + IVA";6;SI;349;"Borcego de mujer, de la marca Refresh. Fabricado en un mater";232;1;1;80;EXCELENTE;"TITULO_ES_SKU";"https://mayoristas.skyblue.com.ar/Products/3761"
3760;"REF172121";"REFRESH";"Todo el año";"REF172121";72000;"$ 72.000,00 + IVA";6;SI;354;"Botín de mujer, de la marca Refresh. Fabricado en un materia";12;1;3;80;EXCELENTE;"TITULO_ES_SKU";"https://mayoristas.skyblue.com.ar/Products/3760"
4418;"REF172122";"REFRESH";"Todo el año";"REF172122";75558;"$ 75.558,00 + IVA";6;SI;427;"Bota de mujer, de la marca Refresh. Fabricado en un material";0;3;1;80;EXCELENTE;"TITULO_ES_SKU | SIN_STOCK_INMEDIATO";"https://mayoristas.skyblue.com.ar/Products/4418"
3782;"REF172123";"REFRESH";"Invierno 26";"REF172123";75558;"$ 75.558,00 + IVA";1;SI;1018;"Sumá estilo y altura a tus looks con esta bota alta de mujer";312;2;1;70;REGULAR;"SOLO_1_FOTO | TITULO_ES_SKU";"https://mayoristas.skyblue.com.ar/Products/3782"
4339;"REF172125";"REFRESH";"Invierno 26";"REF172125";65940;"$ 65.940,00 + IVA";15;NO;0;"";248;3;1;55;REGULAR;"TITULO_ES_SKU | SIN_DESCRIPCION";"https://mayoristas.skyblue.com.ar/Products/4339"
4664;"REF172163";"REFRESH";"Todo el año";"REF172163";56175;"$ 56.175,00 + IVA";6;NO;0;"";0;1;1;55;REGULAR;"TITULO_ES_SKU | SIN_DESCRIPCION | SIN_STOCK_INMEDIATO";"https://mayoristas.skyblue.com.ar/Products/4664"
3769;"REF172241";"REFRESH";"Todo el año";"REF172241";65940;"$ 65.940,00 + IVA";1;NO;0;"";8;1;2;45;CRITICO;"SOLO_1_FOTO | TITULO_ES_SKU | SIN_DESCRIPCION";"https://mayoristas.skyblue.com.ar/Products/3769"
3767;"REF172249";"REFRESH";"Todo el año";"REF172249";65940;"$ 65.940,00 + IVA";9;SI;883;"Bota de mujer de la marca Refresh, pensada para acompañarte ";45;3;2;80;EXCELENTE;"TITULO_ES_SKU";"https://mayoristas.skyblue.com.ar/Products/3767"
4491;"REF172280";"REFRESH";"Todo el año";"REF172280";65940;"$ 65.940,00 + IVA";3;NO;0;"";12;1;2;55;REGULAR;"TITULO_ES_SKU | SIN_DESCRIPCION";"https://mayoristas.skyblue.com.ar/Products/4491"
3753;"REF172310";"REFRESH";"Todo el año";"REF172310";65940;"$ 65.940,00 + IVA";1;SI;1026;"Un modelo con onda outdoor y mucho estilo. Con cordones para";84;1;2;70;REGULAR;"SOLO_1_FOTO | TITULO_ES_SKU";"https://mayoristas.skyblue.com.ar/Products/3753"
4483;"REF172311";"REFRESH";"Todo el año";"REF172311";65940;"$ 65.940,00 + IVA";6;NO;0;"";5;3;4;55;REGULAR;"TITULO_ES_SKU | SIN_DESCRIPCION";"https://mayoristas.skyblue.com.ar/Products/4483"
3821;"REF172318";"REFRESH";"Todo el año";"REF172318";35352;"$ 35.352,00 + IVA";4;SI;426;"Zapatilla tipo botín de mujer, de la marca Refresh. Fabricad";36;1;1;80;EXCELENTE;"TITULO_ES_SKU";"https://mayoristas.skyblue.com.ar/Products/3821"
4476;"REF172323";"REFRESH";"Invierno 26";"REF172323";62958;"$ 62.958,00 + IVA";1;NO;0;"";72;1;1;45;CRITICO;"SOLO_1_FOTO | TITULO_ES_SKU | SIN_DESCRIPCION";"https://mayoristas.skyblue.com.ar/Products/4476"
4495;"REF172354";"REFRESH";"Todo el año";"REF172354";65940;"$ 65.940,00 + IVA";13;NO;0;"";0;2;1;55;REGULAR;"TITULO_ES_SKU | SIN_DESCRIPCION | SIN_STOCK_INMEDIATO";"https://mayoristas.skyblue.com.ar/Products/4495"
3824;"REF172359";"REFRESH";"Todo el año";"REF172359";44837;"$ 44.837,00 + IVA";6;SI;652;"Zapatillas de la marca Refresh. Fabricado en material que im";168;2;1;80;EXCELENTE;"TITULO_ES_SKU";"https://mayoristas.skyblue.com.ar/Products/3824"
3768;"REF172370";"REFRESH";"Todo el año";"REF172370";62958;"$ 62.958,00 + IVA";5;SI;324;"Borcego de mujer, de la marca Refresh. Fabricado en material";58;2;3;80;EXCELENTE;"TITULO_ES_SKU";"https://mayoristas.skyblue.com.ar/Products/3768"
3762;"REF172383";"REFRESH";"Todo el año";"REF172383";65940;"$ 65.940,00 + IVA";1;NO;0;"";72;1;1;45;CRITICO;"SOLO_1_FOTO | TITULO_ES_SKU | SIN_DESCRIPCION";"https://mayoristas.skyblue.com.ar/Products/3762"
3815;"REF172404";"REFRESH";"Verano 27";"REF172404";39483;"$ 39.483,00 + IVA";6;SI;713;"Zapatilla de la marca Refresh. Fabricada en una combinación ";774;3;1;80;EXCELENTE;"TITULO_ES_SKU";"https://mayoristas.skyblue.com.ar/Products/3815"
3816;"REF172408";"REFRESH";"Todo el año";"REF172408";47000;"$ 47.000,00 + IVA";3;SI;1219;"Moderna, canchera y en plena tendencia. Esta zapatilla estil";900;2;1;80;EXCELENTE;"TITULO_ES_SKU";"https://mayoristas.skyblue.com.ar/Products/3816"
4246;"REF172410";"REFRESH";"Verano 27";"REF172410";50358;"$ 50.358,00 + IVA";4;SI;356;"Zapatilla estilo basket bicolor de la marca Refresh. Fabrica";0;1;5;80;EXCELENTE;"TITULO_ES_SKU | SIN_STOCK_INMEDIATO";"https://mayoristas.skyblue.com.ar/Products/4246"
3818;"REF172433";"REFRESH";"Verano 27";"REF172433";36257;"$ 36.257,00 + IVA";7;SI;736;"Esta zapatilla de Refresh está pensada para quienes buscan m";180;3;1;80;EXCELENTE;"TITULO_ES_SKU";"https://mayoristas.skyblue.com.ar/Products/3818"
3820;"REF172446";"REFRESH";"Verano 27";"REF172446";54558;"$ 54.558,00 + IVA";3;SI;175;"Zapatilla estilo casual de la marca Refresh. Fabricada en an";140;3;2;80;EXCELENTE;"TITULO_ES_SKU";"https://mayoristas.skyblue.com.ar/Products/3820"
4224;"REF172461";"REFRESH";"Verano 27";"REF172461";46158;"$ 46.158,00 + IVA";10;SI;307;"Sandalia de mujer, de la marca Refresh. Fabricada en serraje";612;2;3;80;EXCELENTE;"TITULO_ES_SKU";"https://mayoristas.skyblue.com.ar/Products/4224"
4245;"REF172467";"REFRESH";"Verano 27";"REF172467";50358;"$ 50.358,00 + IVA";4;SI;390;"Zapatilla de mujer, de la marca Refresh. Fabricada en lona c";0;1;4;80;EXCELENTE;"TITULO_ES_SKU | SIN_STOCK_INMEDIATO";"https://mayoristas.skyblue.com.ar/Products/4245"
4249;"REF172476";"REFRESH";"Verano 27";"REF172476";50358;"$ 50.358,00 + IVA";4;SI;386;"Zapatilla tipo botín de la marca Refresh. Fabricada en lona.";0;1;5;80;EXCELENTE;"TITULO_ES_SKU | SIN_STOCK_INMEDIATO";"https://mayoristas.skyblue.com.ar/Products/4249"
4250;"REF172477";"REFRESH";"Verano 27";"REF172477";41958;"$ 41.958,00 + IVA";3;SI;379;"Zapatilla de mujer, de la marca Refresh. Fabricada en lona. ";0;1;4;80;EXCELENTE;"TITULO_ES_SKU | SIN_STOCK_INMEDIATO";"https://mayoristas.skyblue.com.ar/Products/4250"
4356;"REF172518";"REFRESH";"Todo el año";"REF172518";62958;"$ 62.958,00 + IVA";4;SI;404;"Botín cowboy de la marca Refresh. Fabricado en suave antelin";36;3;2;80;EXCELENTE;"TITULO_ES_SKU";"https://mayoristas.skyblue.com.ar/Products/4356"
4221;"REF172519";"REFRESH";"Verano 27";"REF172519";62958;"$ 62.958,00 + IVA";6;SI;321;"Botín de mujer, de la marca Refresh. Fabricado en material q";168;2;3;80;EXCELENTE;"TITULO_ES_SKU";"https://mayoristas.skyblue.com.ar/Products/4221"
4251;"REF172522";"REFRESH";"Verano 27";"REF172522";50358;"$ 50.358,00 + IVA";4;SI;366;"Sandalia marca Refresh. Fabricada en material que imita a la";480;2;1;80;EXCELENTE;"TITULO_ES_SKU";"https://mayoristas.skyblue.com.ar/Products/4251"
4490;"REF172523";"REFRESH";"Todo el año";"REF172523";36930;"$ 36.930,00 + IVA";1;NO;0;"";12;3;2;45;CRITICO;"SOLO_1_FOTO | TITULO_ES_SKU | SIN_DESCRIPCION";"https://mayoristas.skyblue.com.ar/Products/4490"
4232;"REF172538";"REFRESH";"Verano 27";"REF172538";44189;"$ 44.189,00 + IVA";10;NO;0;"";264;4;2;55;REGULAR;"TITULO_ES_SKU | SIN_DESCRIPCION";"https://mayoristas.skyblue.com.ar/Products/4232"
4487;"REF172543";"REFRESH";"Todo el año";"REF172543";45322;"$ 45.322,00 + IVA";4;NO;0;"";16;3;3;55;REGULAR;"TITULO_ES_SKU | SIN_DESCRIPCION";"https://mayoristas.skyblue.com.ar/Products/4487"
4252;"REF172553";"REFRESH";"Verano 27";"REF172553";41958;"$ 41.958,00 + IVA";4;SI;396;"Sandalia de mujer, de la marca Refresh. Fabricada en materia";0;1;4;80;EXCELENTE;"TITULO_ES_SKU | SIN_STOCK_INMEDIATO";"https://mayoristas.skyblue.com.ar/Products/4252"
4473;"REF172576";"REFRESH";"Todo el año";"REF172576";36990;"$ 36.990,00 + IVA";1;NO;0;"";96;1;2;45;CRITICO;"SOLO_1_FOTO | TITULO_ES_SKU | SIN_DESCRIPCION";"https://mayoristas.skyblue.com.ar/Products/4473"
4481;"REF172579";"REFRESH";"Todo el año";"REF172579";36930;"$ 36.930,00 + IVA";1;NO;0;"";24;2;1;45;CRITICO;"SOLO_1_FOTO | TITULO_ES_SKU | SIN_DESCRIPCION";"https://mayoristas.skyblue.com.ar/Products/4481"
4226;"REF172582";"REFRESH";"Verano 27";"REF172582";35290;"$ 35.290,00 + IVA";1;SI;498;"Sandalia de mujer, de la marca Refresh. Fabricada en suave a";337;2;3;70;REGULAR;"SOLO_1_FOTO | TITULO_ES_SKU";"https://mayoristas.skyblue.com.ar/Products/4226"
4227;"REF172583";"REFRESH";"Verano 27";"REF172583";35000;"$ 35.000,00 + IVA";1;SI;498;"Sandalia de mujer, de la marca Refresh. Fabricada en suave a";324;2;3;70;REGULAR;"SOLO_1_FOTO | TITULO_ES_SKU";"https://mayoristas.skyblue.com.ar/Products/4227"
4253;"REF172584";"REFRESH";"Verano 27";"REF172584";46158;"$ 46.158,00 + IVA";4;SI;424;"Sandalia de mujer, de la marca Refresh. Fabricada en suave a";0;1;4;80;EXCELENTE;"TITULO_ES_SKU | SIN_STOCK_INMEDIATO";"https://mayoristas.skyblue.com.ar/Products/4253"
4357;"REF172621";"REFRESH";"Todo el año";"REF172621";62958;"$ 62.958,00 + IVA";1;SI;345;"Botín de mujer, de la marca Refresh. Fabricado en material q";144;1;2;70;REGULAR;"SOLO_1_FOTO | TITULO_ES_SKU";"https://mayoristas.skyblue.com.ar/Products/4357"
4254;"REF172630";"REFRESH";"Verano 27";"REF172630";54558;"$ 54.558,00 + IVA";1;SI;419;"Zapatilla de mujer, de la marca Refresh. Fabricada en materi";0;1;4;70;REGULAR;"SOLO_1_FOTO | TITULO_ES_SKU | SIN_STOCK_INMEDIATO";"https://mayoristas.skyblue.com.ar/Products/4254"
4350;"REF172642";"REFRESH";"Todo el año";"REF172642";50358;"$ 50.358,00 + IVA";1;SI;374;"Valenciana de mujer, de la marca Refresh. Fabricada en antel";48;4;2;70;REGULAR;"SOLO_1_FOTO | TITULO_ES_SKU";"https://mayoristas.skyblue.com.ar/Products/4350"
4255;"REF172644";"REFRESH";"Verano 27";"REF172644";2;"$ 2,00 &emsp; -";6;SI;374;"Valenciana de mujer, de la marca Refresh. Fabricada en antel";0;0;0;50;REGULAR;"TITULO_ES_SKU | PRECIO_ANOMALO (<$5k) | SIN_VARIANTES | SIN_STOCK_INMEDIATO | SIN_CURVAS_MODALIDADES";"https://mayoristas.skyblue.com.ar/Products/4255"
4256;"REF172649";"REFRESH";"Verano 27";"REF172649";50358;"$ 50.358,00 + IVA";8;SI;418;"Sandalia de mujer, de la marca Refresh. Fabricada en rafia c";0;1;4;80;EXCELENTE;"TITULO_ES_SKU | SIN_STOCK_INMEDIATO";"https://mayoristas.skyblue.com.ar/Products/4256"
4486;"REF172650";"REFRESH";"Todo el año";"REF172650";36930;"$ 36.930,00 + IVA";1;NO;0;"";24;2;1;45;CRITICO;"SOLO_1_FOTO | TITULO_ES_SKU | SIN_DESCRIPCION";"https://mayoristas.skyblue.com.ar/Products/4486"
4657;"REF172660";"REFRESH";"Verano 27";"REF172660";50000;"$ 50.000,00 + IVA";8;SI;409;"Sandalia de mujer, de la marca Refresh. Fabricada en suave a";100;2;2;80;EXCELENTE;"TITULO_ES_SKU";"https://mayoristas.skyblue.com.ar/Products/4657"
4351;"REF172673";"REFRESH";"Todo el año";"REF172673";36990;"$ 36.990,00 + IVA";1;SI;322;"Sandalia de mujer, de la marca Refresh. Fabricada en materia";756;3;2;70;REGULAR;"SOLO_1_FOTO | TITULO_ES_SKU";"https://mayoristas.skyblue.com.ar/Products/4351"
4257;"REF172682";"REFRESH";"Verano 27";"REF172682";50358;"$ 50.358,00 + IVA";4;SI;411;"Sandalia de mujer, de la marca Refresh. Fabricada en materia";0;1;4;80;EXCELENTE;"TITULO_ES_SKU | SIN_STOCK_INMEDIATO";"https://mayoristas.skyblue.com.ar/Products/4257"
4353;"REF172687";"REFRESH";"Todo el año";"REF172687";36990;"$ 36.990,00 + IVA";1;SI;448;"Sandalia de mujer, de la marca Refresh. Fabricada en materia";72;2;2;70;REGULAR;"SOLO_1_FOTO | TITULO_ES_SKU";"https://mayoristas.skyblue.com.ar/Products/4353"
4258;"REF172706";"REFRESH";"Verano 27";"REF172706";54558;"$ 54.558,00 + IVA";4;SI;439;"Sandalia de mujer, de la marca Refresh. Fabricada en materia";0;1;4;80;EXCELENTE;"TITULO_ES_SKU | SIN_STOCK_INMEDIATO";"https://mayoristas.skyblue.com.ar/Products/4258"
4259;"REF172707";"REFRESH";"Verano 27";"REF172707";54558;"$ 54.558,00 + IVA";4;SI;448;"Sandalia de mujer, de la marca Refresh. Fabricada en materia";0;1;4;80;EXCELENTE;"TITULO_ES_SKU | SIN_STOCK_INMEDIATO";"https://mayoristas.skyblue.com.ar/Products/4259"
4422;"REF172711";"REFRESH";"Todo el año";"REF172711";36990;"$ 36.990,00 + IVA";1;SI;241;"Sandalia de la marca Refresh, elegante y cómoda, ideal para ";576;2;2;70;REGULAR;"SOLO_1_FOTO | TITULO_ES_SKU";"https://mayoristas.skyblue.com.ar/Products/4422"
4260;"REF172719";"REFRESH";"Verano 27";"REF172719";41958;"$ 41.958,00 + IVA";3;SI;447;"Zapatilla de mujer, de la marca Refresh. Fabricada en lona. ";0;1;1;80;EXCELENTE;"TITULO_ES_SKU | SIN_STOCK_INMEDIATO";"https://mayoristas.skyblue.com.ar/Products/4260"
4231;"REF172720";"REFRESH";"Verano 27";"REF172720";50358;"$ 50.358,00 + IVA";2;SI;276;"Sandalia de mujer, de la marca Refresh. Fabricada en tiras d";0;3;2;80;EXCELENTE;"TITULO_ES_SKU | SIN_STOCK_INMEDIATO";"https://mayoristas.skyblue.com.ar/Products/4231"
4261;"REF172721";"REFRESH";"Verano 27";"REF172721";50358;"$ 50.358,00 + IVA";4;SI;342;"Sandalia de mujer, de la marca Refresh. Fabricada en piel. D";0;1;1;80;EXCELENTE;"TITULO_ES_SKU | SIN_STOCK_INMEDIATO";"https://mayoristas.skyblue.com.ar/Products/4261"
4262;"REF172722";"REFRESH";"Verano 27";"REF172722";50358;"$ 50.358,00 + IVA";6;SI;461;"Zapatilla abotinada marca Refresh. Fabricada en lona. Cierre";0;2;4;80;EXCELENTE;"TITULO_ES_SKU | SIN_STOCK_INMEDIATO";"https://mayoristas.skyblue.com.ar/Products/4262"
4379;"REF172736";"REFRESH";"Verano 27";"REF172736";50358;"$ 50.358,00 + IVA";9;SI;436;"Sandalia de mujer, de la marca Refresh. Fabricada en antelin";444;5;2;80;EXCELENTE;"TITULO_ES_SKU";"https://mayoristas.skyblue.com.ar/Products/4379"
4263;"REF172760";"REFRESH";"Verano 27";"REF172760";50358;"$ 50.358,00 + IVA";4;SI;404;"Sandalia de mujer, de la marca Refresh. Fabricada en textil ";0;1;4;80;EXCELENTE;"TITULO_ES_SKU | SIN_STOCK_INMEDIATO";"https://mayoristas.skyblue.com.ar/Products/4263"
4529;"REF172773";"REFRESH";"Todo el año";"REF172773";46158;"$ 46.158,00 + IVA";1;NO;0;"";0;2;2;45;CRITICO;"SOLO_1_FOTO | TITULO_ES_SKU | SIN_DESCRIPCION | SIN_STOCK_INMEDIATO";"https://mayoristas.skyblue.com.ar/Products/4529"
4352;"REF172774";"REFRESH";"Todo el año";"REF172774";46158;"$ 46.158,00 + IVA";1;SI;376;"Sandalia de mujer, de la marca Refresh. Diseño de pala ancha";444;2;2;70;REGULAR;"SOLO_1_FOTO | TITULO_ES_SKU";"https://mayoristas.skyblue.com.ar/Products/4352"
4404;"REF172778";"REFRESH";"Todo el año";"REF172778";50358;"$ 50.358,00 + IVA";1;SI;429;"Sandalia de mujer, de la marca Refresh. Con diseño de pala s";972;4;1;70;REGULAR;"SOLO_1_FOTO | TITULO_ES_SKU";"https://mayoristas.skyblue.com.ar/Products/4404"
4355;"REF172779";"REFRESH";"Todo el año";"REF172779";50358;"$ 50.358,00 + IVA";1;SI;421;"Sandalia de mujer, de la marca Refresh. Fabricada en materia";1116;4;2;70;REGULAR;"SOLO_1_FOTO | TITULO_ES_SKU";"https://mayoristas.skyblue.com.ar/Products/4355"
4264;"REF172780";"REFRESH";"Verano 27";"REF172780";54558;"$ 54.558,00 + IVA";12;SI;425;"Sandalia de mujer, de la marca Refresh. Fabricada en materia";0;3;4;80;EXCELENTE;"TITULO_ES_SKU | SIN_STOCK_INMEDIATO";"https://mayoristas.skyblue.com.ar/Products/4264"
4277;"REF172781";"REFRESH";"Verano 27";"REF172781";54558;"$ 54.558,00 + IVA";12;SI;457;"Sandalia de mujer, de la marca Refresh. Fabricada en materia";0;3;4;80;EXCELENTE;"TITULO_ES_SKU | SIN_STOCK_INMEDIATO";"https://mayoristas.skyblue.com.ar/Products/4277"
4278;"REF172782";"REFRESH";"Verano 27";"REF172782";50358;"$ 50.358,00 + IVA";8;SI;400;"Alpargata tipo valenciana de mujer, de la marca Refresh. Fab";0;2;4;80;EXCELENTE;"TITULO_ES_SKU | SIN_STOCK_INMEDIATO";"https://mayoristas.skyblue.com.ar/Products/4278"
4222;"REF172784";"REFRESH";"Verano 27";"REF172784";62958;"$ 62.958,00 + IVA";1;SI;321;"Botín de mujer, de la marca Refresh. Fabricado en material q";608;3;3;70;REGULAR;"SOLO_1_FOTO | TITULO_ES_SKU";"https://mayoristas.skyblue.com.ar/Products/4222"
3819;"REF172789";"REFRESH";"Verano 27";"REF172789";40740;"$ 40.740,00 + IVA";9;SI;1436;"Aporta frescura, comodidad y un toque femenino a tus looks d";156;3;2;80;EXCELENTE;"TITULO_ES_SKU";"https://mayoristas.skyblue.com.ar/Products/3819"
4354;"REF172807";"REFRESH";"Todo el año";"REF172807";50358;"$ 50.358,00 + IVA";1;SI;393;"Sandalia de mujer, de la marca Refresh. Fabricada en lona. M";120;2;2;70;REGULAR;"SOLO_1_FOTO | TITULO_ES_SKU";"https://mayoristas.skyblue.com.ar/Products/4354"
4279;"REF172834";"REFRESH";"Verano 27";"REF172834";50358;"$ 50.358,00 + IVA";4;SI;394;"Zapatilla de mujer, de la marca Refresh. Fabricada en tejido";0;1;4;80;EXCELENTE;"TITULO_ES_SKU | SIN_STOCK_INMEDIATO";"https://mayoristas.skyblue.com.ar/Products/4279"
4280;"REF172836";"REFRESH";"Verano 27";"REF172836";33558;"$ 33.558,00 + IVA";12;SI;333;"Chancla de playa de mujer, de la marca Refresh. Fabricada en";0;3;4;80;EXCELENTE;"TITULO_ES_SKU | SIN_STOCK_INMEDIATO";"https://mayoristas.skyblue.com.ar/Products/4280"
4229;"REF172843";"REFRESH";"Verano 27";"REF172843";54558;"$ 54.558,00 + IVA";8;SI;477;"Sandalia de mujer de la marca Refresh. Fabricada en material";48;2;1;80;EXCELENTE;"TITULO_ES_SKU";"https://mayoristas.skyblue.com.ar/Products/4229"
4281;"REF172844";"REFRESH";"Verano 27";"REF172844";50358;"$ 50.358,00 + IVA";16;SI;390;"Sandalia de mujer de la marca Refresh. Fabricada en material";0;1;5;80;EXCELENTE;"TITULO_ES_SKU | SIN_STOCK_INMEDIATO";"https://mayoristas.skyblue.com.ar/Products/4281"
4282;"REF172853";"REFRESH";"Verano 27";"REF172853";54558;"$ 54.558,00 + IVA";15;SI;446;"Zapatilla de mujer, de la marca Refresh. Fabricada en materi";0;2;1;80;EXCELENTE;"TITULO_ES_SKU | SIN_STOCK_INMEDIATO";"https://mayoristas.skyblue.com.ar/Products/4282"
4283;"REF172859";"REFRESH";"Verano 27";"REF172859";46158;"$ 46.158,00 + IVA";4;SI;399;"Alpargata tipo valenciana de mujer, de la marca Refresh. Fab";0;1;4;80;EXCELENTE;"TITULO_ES_SKU | SIN_STOCK_INMEDIATO";"https://mayoristas.skyblue.com.ar/Products/4283"
4284;"REF172861";"REFRESH";"Verano 27";"REF172861";41958;"$ 41.958,00 + IVA";12;SI;407;"Sandalia de mujer, de la marca Refresh. Fabricada en materia";0;3;1;80;EXCELENTE;"TITULO_ES_SKU | SIN_STOCK_INMEDIATO";"https://mayoristas.skyblue.com.ar/Products/4284"
4285;"REF172862";"REFRESH";"Verano 27";"REF172862";50358;"$ 50.358,00 + IVA";8;SI;371;"Sandalia de mujer, de la marca Refresh. Fabricada en materia";0;1;5;80;EXCELENTE;"TITULO_ES_SKU | SIN_STOCK_INMEDIATO";"https://mayoristas.skyblue.com.ar/Products/4285"
4286;"REF172863";"REFRESH";"Verano 27";"REF172863";29358;"$ 29.358,00 + IVA";8;SI;488;"Sandalia de playa de mujer, de la marca Refresh. Fabricada e";0;2;4;80;EXCELENTE;"TITULO_ES_SKU | SIN_STOCK_INMEDIATO";"https://mayoristas.skyblue.com.ar/Products/4286"
3817;"REF172869";"REFRESH";"Todo el año";"REF172869";47000;"$ 47.000,00 + IVA";5;SI;605;"¡Atrévete a destacar con esta zapatilla estilo basket de la ";252;1;1;80;EXCELENTE;"TITULO_ES_SKU";"https://mayoristas.skyblue.com.ar/Products/3817"
4230;"REF172870";"REFRESH";"Verano 27";"REF172870";44189;"$ 44.189,00 + IVA";15;SI;357;"Zueco destalonado, de la marca Refresh. Fabricado en suave a";12;3;1;80;EXCELENTE;"TITULO_ES_SKU";"https://mayoristas.skyblue.com.ar/Products/4230"
4488;"REF172873";"REFRESH";"Invierno 26";"REF172873";54558;"$ 54.558,00 + IVA";4;NO;0;"";16;2;1;55;REGULAR;"TITULO_ES_SKU | SIN_DESCRIPCION";"https://mayoristas.skyblue.com.ar/Products/4488"
4477;"REF172905";"REFRESH";"Invierno 26";"REF172905";1.5;"$ 1,50";1;NO;0;"";0;0;0;15;CRITICO;"SOLO_1_FOTO | TITULO_ES_SKU | SIN_DESCRIPCION | PRECIO_ANOMALO (<$5k) | SIN_VARIANTES | SIN_STOCK_INMEDIATO | SIN_CURVAS_MODALIDADES";"https://mayoristas.skyblue.com.ar/Products/4477"
4424;"REF172908";"REFRESH";"Todo el año";"REF172908";54558;"$ 54.558,00 + IVA";2;SI;335;"Zapato tipo mocasin de mujer. Marca Refresh. Fabricado en ma";368;2;1;80;EXCELENTE;"TITULO_ES_SKU";"https://mayoristas.skyblue.com.ar/Products/4424"
3802;"REF172911";"REFRESH";"Invierno 26";"REF172911";67158;"$ 67.158,00 + IVA";5;SI;504;"Botín de mujer, de la marca Refresh. Fabricado en material q";32;1;1;80;EXCELENTE;"TITULO_ES_SKU";"https://mayoristas.skyblue.com.ar/Products/3802"
3803;"REF172917";"REFRESH";"Invierno 26";"REF172917";62958;"$ 62.958,00 + IVA";5;SI;432;"Botín de mujer, de la marca Refresh. Fabricado en material q";0;1;2;80;EXCELENTE;"TITULO_ES_SKU | SIN_STOCK_INMEDIATO";"https://mayoristas.skyblue.com.ar/Products/3803"
3804;"REF172918";"REFRESH";"Invierno 26";"REF172918";65958;"$ 65.958,00 + IVA";2;SI;474;"Botín de mujer, de la marca Refresh. Fabricado en material q";24;2;3;80;EXCELENTE;"TITULO_ES_SKU";"https://mayoristas.skyblue.com.ar/Products/3804"
3886;"REF172921";"REFRESH";"Invierno 26";"REF172921";62958;"$ 62.958,00 + IVA";7;SI;403;"Botín de mujer, de la marca Refresh. Fabricada en material q";100;2;2;80;EXCELENTE;"TITULO_ES_SKU";"https://mayoristas.skyblue.com.ar/Products/3886"
4471;"REF172922";"REFRESH";"Todo el año";"REF172922";54558;"$ 54.558,00 + IVA";1;NO;0;"";216;2;1;45;CRITICO;"SOLO_1_FOTO | TITULO_ES_SKU | SIN_DESCRIPCION";"https://mayoristas.skyblue.com.ar/Products/4471"
3888;"REF172923";"REFRESH";"Invierno 26";"REF172923";62958;"$ 62.958,00 + IVA";7;SI;421;"Botín de mujer, de la marca Refresh. Fabricado en material q";0;1;2;80;EXCELENTE;"TITULO_ES_SKU | SIN_STOCK_INMEDIATO";"https://mayoristas.skyblue.com.ar/Products/3888"
3889;"REF172925";"REFRESH";"Invierno 26";"REF172925";62958;"$ 62.958,00 + IVA";1;SI;386;"Botín de mujer, de la marca Refresh. Fabricado en un materia";4;1;3;70;REGULAR;"SOLO_1_FOTO | TITULO_ES_SKU";"https://mayoristas.skyblue.com.ar/Products/3889"
4173;"REF172926";"REFRESH";"Invierno 26";"REF172926";65940;"$ 65.940,00 + IVA";5;SI;386;"Botín de mujer, de la marca Refresh. Fabricado en un materia";78;1;2;80;EXCELENTE;"TITULO_ES_SKU";"https://mayoristas.skyblue.com.ar/Products/4173"
3859;"REF172929";"REFRESH";"Todo el año";"REF172929";62958;"$ 62.958,00 + IVA";1;SI;368;"Botín de mujer, de la marca Refresh. Fabricado en un materia";8;1;2;70;REGULAR;"SOLO_1_FOTO | TITULO_ES_SKU";"https://mayoristas.skyblue.com.ar/Products/3859"
3860;"REF172932";"REFRESH";"Invierno 26";"REF172932";71358;"$ 71.358,00 + IVA";1;SI;394;"Bota de mujer, de la marca Refresh. Fabricada en material qu";344;2;2;70;REGULAR;"SOLO_1_FOTO | TITULO_ES_SKU";"https://mayoristas.skyblue.com.ar/Products/3860"
4176;"REF172935";"REFRESH";"Invierno 26";"REF172935";75558;"$ 75.558,00 + IVA";7;SI;375;"Bota de mujer, marca Refresh. Fabricada en material que imit";96;1;1;80;EXCELENTE;"TITULO_ES_SKU";"https://mayoristas.skyblue.com.ar/Products/4176"
3871;"REF172966";"REFRESH";"Invierno 26";"REF172966";62958;"$ 62.958,00 + IVA";8;SI;399;"Botín de mujer, de la marca Refresh. Fabricado en suave ante";64;2;2;80;EXCELENTE;"TITULO_ES_SKU";"https://mayoristas.skyblue.com.ar/Products/3871"
4475;"REF173012";"REFRESH";"Invierno 26";"REF173012";54558;"$ 54.558,00 + IVA";2;NO;0;"";52;2;4;55;REGULAR;"TITULO_ES_SKU | SIN_DESCRIPCION";"https://mayoristas.skyblue.com.ar/Products/4475"
3783;"REF173012";"REFRESH";"Verano 27";"REF173012";54558;"$ 54.558,00 + IVA";3;SI;399;"Este diseño moderno en Kaki combina la elegancia clásica del";276;3;6;80;EXCELENTE;"TITULO_ES_SKU";"https://mayoristas.skyblue.com.ar/Products/3783"
3784;"REF173021";"REFRESH";"Invierno 26";"REF173021";65958;"$ 65.958,00 + IVA";6;SI;677;"Realza tu estilo con los botines REFRESH 173021, donde la el";368;3;1;80;EXCELENTE;"TITULO_ES_SKU";"https://mayoristas.skyblue.com.ar/Products/3784"
3785;"REF173024";"REFRESH";"Invierno 26";"REF173024";65958;"$ 65.958,00 + IVA";4;SI;650;"Saca a relucir tu lado más atrevido con los botines REFRESH ";0;1;2;80;EXCELENTE;"TITULO_ES_SKU | SIN_STOCK_INMEDIATO";"https://mayoristas.skyblue.com.ar/Products/3785"
4174;"REF173025";"REFRESH";"Invierno 26";"REF173025";75558;"$ 75.558,00 + IVA";7;SI;413;"Bota de mujer, de la marca Refresh. Fabricada en material qu";64;1;5;80;EXCELENTE;"TITULO_ES_SKU";"https://mayoristas.skyblue.com.ar/Products/4174"
4172;"REF173026";"REFRESH";"Invierno 26";"REF173026";65940;"$ 65.940,00 + IVA";5;SI;267;"Botín de mujer, de la marca Refresh. Fabricado en material q";80;1;2;80;EXCELENTE;"TITULO_ES_SKU";"https://mayoristas.skyblue.com.ar/Products/4172"
4171;"REF173029";"REFRESH";"Invierno 26";"REF173029";75558;"$ 75.558,00 + IVA";10;SI;388;"Bota de mujer, de la marca Refresh. Fabricada en suave antel";100;2;3;80;EXCELENTE;"TITULO_ES_SKU";"https://mayoristas.skyblue.com.ar/Products/4171"
4175;"REF173033";"REFRESH";"Invierno 26";"REF173033";75558;"$ 75.558,00 + IVA";10;SI;351;"Bota de mujer, de la marca Refresh. Fabricada en suave antel";164;2;3;80;EXCELENTE;"TITULO_ES_SKU";"https://mayoristas.skyblue.com.ar/Products/4175"
4546;"REF173060";"REFRESH";"Verano 27";"REF173060";46200;"$ 46.200,00 + IVA";8;SI;169;"Zapatilla de hombre, de la marca Refresh. Fabricado en mater";64;2;1;80;EXCELENTE;"TITULO_ES_SKU";"https://mayoristas.skyblue.com.ar/Products/4546"
4177;"REF173116";"REFRESH";"Invierno 26";"REF173116";62500;"$ 62.500,00 + IVA";6;SI;245;"Zapatillas deportivas Refresh para mujer. Fabricadas con dif";16;1;2;80;EXCELENTE;"TITULO_ES_SKU";"https://mayoristas.skyblue.com.ar/Products/4177"
4287;"REF173134";"REFRESH";"Verano 27";"REF173134";50358;"$ 50.358,00 + IVA";4;SI;450;"Sandalia de mujer, de la marca Refresh. Fabricada en suave a";0;1;4;80;EXCELENTE;"TITULO_ES_SKU | SIN_STOCK_INMEDIATO";"https://mayoristas.skyblue.com.ar/Products/4287"
4288;"REF173135";"REFRESH";"Verano 27";"REF173135";45000;"$ 45.000,00 + IVA";8;SI;430;"Sandalia de mujer, de la marca Refresh. Fabricada en suave a";80;2;2;80;EXCELENTE;"TITULO_ES_SKU";"https://mayoristas.skyblue.com.ar/Products/4288"
4289;"REF173136";"REFRESH";"Verano 27";"REF173136";46158;"$ 46.158,00 + IVA";4;SI;409;"Valenciana de mujer, de la marca Refresh. Fabricada en antel";0;1;5;80;EXCELENTE;"TITULO_ES_SKU | SIN_STOCK_INMEDIATO";"https://mayoristas.skyblue.com.ar/Products/4289"
4290;"REF173137";"REFRESH";"Verano 27";"REF173137";50358;"$ 50.358,00 + IVA";3;SI;411;"Sandalia de mujer, de la marca Refresh. Fabricada en antelin";0;1;4;80;EXCELENTE;"TITULO_ES_SKU | SIN_STOCK_INMEDIATO";"https://mayoristas.skyblue.com.ar/Products/4290"
4291;"REF173140";"REFRESH";"Verano 27";"REF173140";41958;"$ 41.958,00 + IVA";8;SI;407;"Sandalia de mujer, de la marca Refresh. Fabricada en antelin";0;1;4;80;EXCELENTE;"TITULO_ES_SKU | SIN_STOCK_INMEDIATO";"https://mayoristas.skyblue.com.ar/Products/4291"
4292;"REF173143";"REFRESH";"Verano 27";"REF173143";50358;"$ 50.358,00 + IVA";8;SI;401;"Sandalia de mujer de la marca Refresh. Fabricada en suave an";0;1;5;80;EXCELENTE;"TITULO_ES_SKU | SIN_STOCK_INMEDIATO";"https://mayoristas.skyblue.com.ar/Products/4292"
3890;"REF173187";"REFRESH";"Todo el año";"REF173187";65958;"$ 65.958,00 + IVA";4;SI;237;"Botín de mujer, de la marca Refresh. Fabricado en material q";0;1;1;80;EXCELENTE;"TITULO_ES_SKU | SIN_STOCK_INMEDIATO";"https://mayoristas.skyblue.com.ar/Products/3890"
3861;"REF173200";"REFRESH";"Invierno 26";"REF173200";62958;"$ 62.958,00 + IVA";10;SI;450;"Botín de mujer, de la marca Refresh. Fabricado en un materia";288;2;1;80;EXCELENTE;"TITULO_ES_SKU";"https://mayoristas.skyblue.com.ar/Products/3861"
4293;"REF175008";"REFRESH";"Verano 27";"REF175008";50358;"$ 50.358,00 + IVA";12;SI;243;"Zueco destalonado, de la marca Refresh. Fabricado en serraje";0;3;4;80;EXCELENTE;"TITULO_ES_SKU | SIN_STOCK_INMEDIATO";"https://mayoristas.skyblue.com.ar/Products/4293"
4294;"REF175009";"REFRESH";"Verano 27";"REF175009";50358;"$ 50.358,00 + IVA";5;SI;260;"Sandalia de mujer, de la marca Refresh. Fabricada en serraje";0;1;4;80;EXCELENTE;"TITULO_ES_SKU | SIN_STOCK_INMEDIATO";"https://mayoristas.skyblue.com.ar/Products/4294"
4295;"REF175013";"REFRESH";"Verano 27";"REF175013";50358;"$ 50.358,00 + IVA";12;SI;240;"Sandalia de mujer, de la marca Refresh. Pala con dos hebilla";480;3;1;80;EXCELENTE;"TITULO_ES_SKU";"https://mayoristas.skyblue.com.ar/Products/4295"
4296;"REF175014";"REFRESH";"Verano 27";"REF175014";50358;"$ 50.358,00 + IVA";8;SI;269;"Sandalia de mujer, de la marca Refresh. Fabricada en tejido ";0;1;4;80;EXCELENTE;"TITULO_ES_SKU | SIN_STOCK_INMEDIATO";"https://mayoristas.skyblue.com.ar/Products/4296"
4297;"REF175016";"REFRESH";"Verano 27";"REF175016";54558;"$ 54.558,00 + IVA";12;SI;426;"Zapatilla de mujer, de la marca Refresh. Fabricada en materi";0;3;4;80;EXCELENTE;"TITULO_ES_SKU | SIN_STOCK_INMEDIATO";"https://mayoristas.skyblue.com.ar/Products/4297"
4298;"REF175017";"REFRESH";"Verano 27";"REF175017";58758;"$ 58.758,00 + IVA";8;SI;511;"Dale un toque urbano y moderno a tus outfits con estos tenis";0;2;4;80;EXCELENTE;"TITULO_ES_SKU | SIN_STOCK_INMEDIATO";"https://mayoristas.skyblue.com.ar/Products/4298"
4299;"REF175019";"REFRESH";"Verano 27";"REF175019";54558;"$ 54.558,00 + IVA";8;SI;409;"Zapatilla de mujer, de la marca Refresh. Fabricada en materi";940;4;1;80;EXCELENTE;"TITULO_ES_SKU";"https://mayoristas.skyblue.com.ar/Products/4299"
4300;"REF175021";"REFRESH";"Verano 27";"REF175021";54558;"$ 54.558,00 + IVA";11;SI;470;"Zapatilla de mujer, marca Refresh. Fabricada en material que";0;2;4;80;EXCELENTE;"TITULO_ES_SKU | SIN_STOCK_INMEDIATO";"https://mayoristas.skyblue.com.ar/Products/4300"
4301;"REF175022";"REFRESH";"Verano 27";"REF175022";50358;"$ 50.358,00 + IVA";12;SI;397;"Zapatilla de mujer, de la marca Refresh. Fabricada en tejido";0;3;4;80;EXCELENTE;"TITULO_ES_SKU | SIN_STOCK_INMEDIATO";"https://mayoristas.skyblue.com.ar/Products/4301"
4302;"REF175023";"REFRESH";"Verano 27";"REF175023";50358;"$ 50.358,00 + IVA";12;SI;394;"Zapatilla de mujer, de la marca Refresh. Fabricada en materi";0;3;4;80;EXCELENTE;"TITULO_ES_SKU | SIN_STOCK_INMEDIATO";"https://mayoristas.skyblue.com.ar/Products/4302"
4303;"REF175027";"REFRESH";"Verano 27";"REF175027";50358;"$ 50.358,00 + IVA";8;SI;527;"Sandalia de tacón marca Refresh. Confeccionada en material q";480;3;1;80;EXCELENTE;"TITULO_ES_SKU";"https://mayoristas.skyblue.com.ar/Products/4303"
4304;"REF175028";"REFRESH";"Verano 27";"REF175028";50358;"$ 50.358,00 + IVA";12;SI;377;"Sandalia destalonada de mujer, de la marca Refresh. Fabricad";0;3;4;80;EXCELENTE;"TITULO_ES_SKU | SIN_STOCK_INMEDIATO";"https://mayoristas.skyblue.com.ar/Products/4304"
4305;"REF175029";"REFRESH";"Verano 27";"REF175029";41958;"$ 41.958,00 + IVA";8;SI;356;"Sandalia de mujer, de la marca Refresh. Fabricada en materia";0;3;4;80;EXCELENTE;"TITULO_ES_SKU | SIN_STOCK_INMEDIATO";"https://mayoristas.skyblue.com.ar/Products/4305"
4306;"REF175036";"REFRESH";"Verano 27";"REF175036";58758;"$ 58.758,00 + IVA";8;SI;244;"Zapatilla de mujer, de la marca Refresh. Fabricada en difere";0;2;4;80;EXCELENTE;"TITULO_ES_SKU | SIN_STOCK_INMEDIATO";"https://mayoristas.skyblue.com.ar/Products/4306"
4308;"REF175038";"REFRESH";"Verano 27";"REF175038";54558;"$ 54.558,00 + IVA";12;SI;213;"Zapatilla multicolor de la marca Refresh. Fabricada en mater";0;3;4;80;EXCELENTE;"TITULO_ES_SKU | SIN_STOCK_INMEDIATO";"https://mayoristas.skyblue.com.ar/Products/4308"
4307;"REF175041";"REFRESH";"Verano 27";"REF175041";62958;"$ 62.958,00 + IVA";11;SI;387;"Botín de mujer, marca Refresh. Fabricado en antelina con tro";0;3;4;80;EXCELENTE;"TITULO_ES_SKU | SIN_STOCK_INMEDIATO";"https://mayoristas.skyblue.com.ar/Products/4307"
4309;"REF175042";"REFRESH";"Verano 27";"REF175042";62958;"$ 62.958,00 + IVA";8;SI;410;"Botín de mujer, de la marca Refresh. Fabricado en antelina d";420;2;1;80;EXCELENTE;"TITULO_ES_SKU";"https://mayoristas.skyblue.com.ar/Products/4309"
4310;"REF175045";"REFRESH";"Verano 27";"REF175045";54558;"$ 54.558,00 + IVA";4;SI;526;"Zapatilla urbana de la marca Refresh. Fabricada en material ";0;1;4;80;EXCELENTE;"TITULO_ES_SKU | SIN_STOCK_INMEDIATO";"https://mayoristas.skyblue.com.ar/Products/4310"
4311;"REF175047";"REFRESH";"Verano 27";"REF175047";58758;"$ 58.758,00 + IVA";4;SI;424;"Zapatilla de mujer, estilo urbano. Marca Refresh. Fabricado ";0;1;1;80;EXCELENTE;"TITULO_ES_SKU | SIN_STOCK_INMEDIATO";"https://mayoristas.skyblue.com.ar/Products/4311"
4312;"REF175049";"REFRESH";"Verano 27";"REF175049";46158;"$ 46.158,00 + IVA";12;SI;407;"Zapatilla sin cordones, de la marca Refresh. Fabricada en ma";0;3;4;80;EXCELENTE;"TITULO_ES_SKU | SIN_STOCK_INMEDIATO";"https://mayoristas.skyblue.com.ar/Products/4312"
4313;"REF175051";"REFRESH";"Verano 27";"REF175051";62958;"$ 62.958,00 + IVA";8;SI;433;"Zapatilla de mujer, de la marca Refresh. Fabricado en materi";0;2;4;80;EXCELENTE;"TITULO_ES_SKU | SIN_STOCK_INMEDIATO";"https://mayoristas.skyblue.com.ar/Products/4313"
4314;"REF175052";"REFRESH";"Verano 27";"REF175052";62958;"$ 62.958,00 + IVA";12;SI;432;"Zapatilla de mujer, de la marca Refresh. Fabricada en materi";0;3;4;80;EXCELENTE;"TITULO_ES_SKU | SIN_STOCK_INMEDIATO";"https://mayoristas.skyblue.com.ar/Products/4314"
4315;"REF175053";"REFRESH";"Verano 27";"REF175053";54558;"$ 54.558,00 + IVA";8;SI;401;"Zapatilla de mujer, de la marca Refresh. Fabricada en anteli";0;2;4;80;EXCELENTE;"TITULO_ES_SKU | SIN_STOCK_INMEDIATO";"https://mayoristas.skyblue.com.ar/Products/4315"
4316;"REF175054";"REFRESH";"Verano 27";"REF175054";54558;"$ 54.558,00 + IVA";12;SI;362;"Zapatilla de mujer, de la marca Refresh. Fabricada en materi";0;3;4;80;EXCELENTE;"TITULO_ES_SKU | SIN_STOCK_INMEDIATO";"https://mayoristas.skyblue.com.ar/Products/4316"
4650;"REF175088";"REFRESH";"Verano 27";"REF175088";42000;"$ 42.000,00 + IVA";8;SI;333;"Sandalia de mujer, de la marca Refresh. Pala y pulsera trase";48;4;1;80;EXCELENTE;"TITULO_ES_SKU";"https://mayoristas.skyblue.com.ar/Products/4650"
4651;"REF175091";"REFRESH";"Verano 27";"REF175091";42000;"$ 42.000,00 + IVA";8;SI;409;"Zapato de mujer marca Refresh. Fabricado en suave antelina. ";48;2;1;80;EXCELENTE;"TITULO_ES_SKU";"https://mayoristas.skyblue.com.ar/Products/4651"
4652;"REF175092";"REFRESH";"Verano 27";"REF175092";45000;"$ 45.000,00 + IVA";4;SI;432;"Zapato de mujer marca Refresh. Fabricado en suave antelina. ";80;1;1;80;EXCELENTE;"TITULO_ES_SKU";"https://mayoristas.skyblue.com.ar/Products/4652"
4530;"REF175180";"REFRESH";"Verano 27";"REF175180";62958;"$ 62.958,00 + IVA";10;NO;0;"";240;2;1;55;REGULAR;"TITULO_ES_SKU | SIN_DESCRIPCION";"https://mayoristas.skyblue.com.ar/Products/4530"
4653;"REF175203";"REFRESH";"Verano 27";"REF175203";50358;"$ 50.358,00 + IVA";4;SI;343;"Sandalia de mujer, de la marca Refresh. Fabricado en materia";80;1;2;80;EXCELENTE;"TITULO_ES_SKU";"https://mayoristas.skyblue.com.ar/Products/4653"
4656;"REF175235";"REFRESH";"Verano 27";"REF175235";45000;"$ 45.000,00 + IVA";8;SI;210;"Zapato tipo esparteña de mujer, de la marca Refresh. Fabrica";48;2;1;80;EXCELENTE;"TITULO_ES_SKU";"https://mayoristas.skyblue.com.ar/Products/4656"
4380;"REF175278";"REFRESH";"Verano 27";"REF175278";50358;"$ 50.358,00 + IVA";15;SI;257;"Sandalia de mujer, de la marca Refresh. Fabricada en suave a";480;2;2;80;EXCELENTE;"TITULO_ES_SKU";"https://mayoristas.skyblue.com.ar/Products/4380"
4662;"REF175281";"REFRESH";"Verano 27";"REF175281";1.5;"$ 1,50";4;SI;416;"Sandalia marca Refresh. Fabricada en material tipo rafia apo";0;0;0;50;REGULAR;"TITULO_ES_SKU | PRECIO_ANOMALO (<$5k) | SIN_VARIANTES | SIN_STOCK_INMEDIATO | SIN_CURVAS_MODALIDADES";"https://mayoristas.skyblue.com.ar/Products/4662"
4663;"REF175282";"REFRESH";"Verano 27";"REF175282";1.5;"$ 1,50";8;SI;445;"Sandalia de mujer, de la marca Refresh. Diseño de pala ancha";0;0;0;50;REGULAR;"TITULO_ES_SKU | PRECIO_ANOMALO (<$5k) | SIN_VARIANTES | SIN_STOCK_INMEDIATO | SIN_CURVAS_MODALIDADES";"https://mayoristas.skyblue.com.ar/Products/4663"
4489;"REF175525";"REFRESH";"Invierno 26";"REF175525";54558;"$ 54.558,00 + IVA";2;NO;0;"";7;2;1;55;REGULAR;"TITULO_ES_SKU | SIN_DESCRIPCION";"https://mayoristas.skyblue.com.ar/Products/4489"
4492;"REF175538";"REFRESH";"Invierno 26";"REF175538";50358;"$ 50.358,00 + IVA";3;NO;0;"";16;3;1;55;REGULAR;"TITULO_ES_SKU | SIN_DESCRIPCION";"https://mayoristas.skyblue.com.ar/Products/4492"
4493;"REF175539";"REFRESH";"Invierno 26";"REF175539";50358;"$ 50.358,00 + IVA";2;NO;0;"";16;2;1;55;REGULAR;"TITULO_ES_SKU | SIN_DESCRIPCION";"https://mayoristas.skyblue.com.ar/Products/4493"
4386;"REF176157";"REFRESH";"Invierno 26";"REF176157";62958;"$ 62.958,00 + IVA";3;SI;491;"Botín de mujer, marca Refresh. Fabricado en antelina de alta";600;3;1;80;EXCELENTE;"TITULO_ES_SKU";"https://mayoristas.skyblue.com.ar/Products/4386"
4547;"REF176708";"REFRESH";"Verano 27";"REF176708";54558;"$ 54.558,00 + IVA";10;NO;0;"";64;2;1;55;REGULAR;"TITULO_ES_SKU | SIN_DESCRIPCION";"https://mayoristas.skyblue.com.ar/Products/4547"
4548;"REF176716";"REFRESH";"Verano 27";"REF176716";79758;"$ 79.758,00 + IVA";8;NO;0;"";64;2;1;55;REGULAR;"TITULO_ES_SKU | SIN_DESCRIPCION";"https://mayoristas.skyblue.com.ar/Products/4548"
4549;"REF176718";"REFRESH";"Verano 27";"REF176718";54558;"$ 54.558,00 + IVA";8;NO;0;"";64;2;1;55;REGULAR;"TITULO_ES_SKU | SIN_DESCRIPCION";"https://mayoristas.skyblue.com.ar/Products/4549"
4550;"REF176738";"REFRESH";"Verano 27";"REF176738";58758;"$ 58.758,00 + IVA";8;NO;0;"";64;2;1;55;REGULAR;"TITULO_ES_SKU | SIN_DESCRIPCION";"https://mayoristas.skyblue.com.ar/Products/4550"
4551;"REF176757";"REFRESH";"Verano 27";"REF176757";67200;"$ 67.200,00 + IVA";7;NO;0;"";64;2;1;55;REGULAR;"TITULO_ES_SKU | SIN_DESCRIPCION";"https://mayoristas.skyblue.com.ar/Products/4551"
4479;"REF183231";"REFRESH";"Todo el año";"REF183231";33600;"$ 33.600,00 + IVA";8;NO;0;"";41;3;1;55;REGULAR;"TITULO_ES_SKU | SIN_DESCRIPCION";"https://mayoristas.skyblue.com.ar/Products/4479"
4485;"REF183232";"REFRESH";"Todo el año";"REF183232";44100;"$ 44.100,00 + IVA";8;NO;0;"";22;2;1;55;REGULAR;"TITULO_ES_SKU | SIN_DESCRIPCION";"https://mayoristas.skyblue.com.ar/Products/4485"
4482;"REF183240";"REFRESH";"Todo el año";"REF183240";44100;"$ 44.100,00 + IVA";1;NO;0;"";5;1;1;45;CRITICO;"SOLO_1_FOTO | TITULO_ES_SKU | SIN_DESCRIPCION";"https://mayoristas.skyblue.com.ar/Products/4482"
4266;"REF183309";"REFRESH";"Invierno 26";"REF183309";58758;"$ 58.758,00 + IVA";5;NO;0;"";2;2;1;55;REGULAR;"TITULO_ES_SKU | SIN_DESCRIPCION";"https://mayoristas.skyblue.com.ar/Products/4266"
4265;"REF183316";"REFRESH";"Invierno 26";"REF183316";62958;"$ 62.958,00 + IVA";8;NO;0;"";5;2;1;55;REGULAR;"TITULO_ES_SKU | SIN_DESCRIPCION";"https://mayoristas.skyblue.com.ar/Products/4265"
4524;"REF183322";"REFRESH";"Todo el año";"REF183322";2;"$ 2,00";1;NO;0;"";0;0;0;15;CRITICO;"SOLO_1_FOTO | TITULO_ES_SKU | SIN_DESCRIPCION | PRECIO_ANOMALO (<$5k) | SIN_VARIANTES | SIN_STOCK_INMEDIATO | SIN_CURVAS_MODALIDADES";"https://mayoristas.skyblue.com.ar/Products/4524"
4484;"REF183328";"REFRESH";"Invierno 26";"REF183328";58758;"$ 58.758,00 + IVA";12;NO;0;"";7;3;1;55;REGULAR;"TITULO_ES_SKU | SIN_DESCRIPCION";"https://mayoristas.skyblue.com.ar/Products/4484"
4267;"REF183330";"REFRESH";"Invierno 26";"REF183330";62958;"$ 62.958,00 + IVA";4;NO;0;"";5;2;1;55;REGULAR;"TITULO_ES_SKU | SIN_DESCRIPCION";"https://mayoristas.skyblue.com.ar/Products/4267"
4268;"REF183332";"REFRESH";"Invierno 26";"REF183332";46158;"$ 46.158,00 + IVA";4;NO;0;"";3;1;1;55;REGULAR;"TITULO_ES_SKU | SIN_DESCRIPCION";"https://mayoristas.skyblue.com.ar/Products/4268"
4269;"REF183335";"REFRESH";"Invierno 26";"REF183335";58758;"$ 58.758,00 + IVA";8;NO;0;"";6;2;1;55;REGULAR;"TITULO_ES_SKU | SIN_DESCRIPCION";"https://mayoristas.skyblue.com.ar/Products/4269"
4523;"REF183336";"REFRESH";"Todo el año";"REF183336";2;"$ 2,00";4;NO;0;"";0;0;0;25;CRITICO;"TITULO_ES_SKU | SIN_DESCRIPCION | PRECIO_ANOMALO (<$5k) | SIN_VARIANTES | SIN_STOCK_INMEDIATO | SIN_CURVAS_MODALIDADES";"https://mayoristas.skyblue.com.ar/Products/4523"
4533;"REF183355";"REFRESH";"Todo el año";"REF183355";2;"$ 2,00";1;NO;0;"";0;0;0;15;CRITICO;"SOLO_1_FOTO | TITULO_ES_SKU | SIN_DESCRIPCION | PRECIO_ANOMALO (<$5k) | SIN_VARIANTES | SIN_STOCK_INMEDIATO | SIN_CURVAS_MODALIDADES";"https://mayoristas.skyblue.com.ar/Products/4533"
4532;"REF183377";"REFRESH";"Verano 27";"REF183377";1.5;"$ 1,50";1;NO;0;"";0;0;0;15;CRITICO;"SOLO_1_FOTO | TITULO_ES_SKU | SIN_DESCRIPCION | PRECIO_ANOMALO (<$5k) | SIN_VARIANTES | SIN_STOCK_INMEDIATO | SIN_CURVAS_MODALIDADES";"https://mayoristas.skyblue.com.ar/Products/4532"
4531;"REF183378";"REFRESH";"Verano 27";"REF183378";1.5;"$ 1,50";2;NO;0;"";0;0;0;25;CRITICO;"TITULO_ES_SKU | SIN_DESCRIPCION | PRECIO_ANOMALO (<$5k) | SIN_VARIANTES | SIN_STOCK_INMEDIATO | SIN_CURVAS_MODALIDADES";"https://mayoristas.skyblue.com.ar/Products/4531"
4394;"REF183387";"REFRESH";"Verano 27";"REF183387";58758;"$ 58.758,00 + IVA";3;SI;414;"Luce elegante y práctica con este bolso de hombro Refresh pa";10;1;1;80;EXCELENTE;"TITULO_ES_SKU";"https://mayoristas.skyblue.com.ar/Products/4394"
4541;"REF184404";"REFRESH";"Todo el año";"REF184404";2;"$ 2,00";3;NO;0;"";0;0;0;25;CRITICO;"TITULO_ES_SKU | SIN_DESCRIPCION | PRECIO_ANOMALO (<$5k) | SIN_VARIANTES | SIN_STOCK_INMEDIATO | SIN_CURVAS_MODALIDADES";"https://mayoristas.skyblue.com.ar/Products/4541"
4144;"REF87489";"REFRESH";"Todo el año";"REF87489";2000;"$ 2.000,00 + IVA";2;NO;0;"";20;1;1;40;CRITICO;"TITULO_ES_SKU | SIN_DESCRIPCION | PRECIO_ANOMALO (<$5k)";"https://mayoristas.skyblue.com.ar/Products/4144"
4145;"REF87570";"REFRESH";"Todo el año";"REF87570";850;"$ 850,00 + IVA";1;NO;0;"";1000;1;1;30;CRITICO;"SOLO_1_FOTO | TITULO_ES_SKU | SIN_DESCRIPCION | PRECIO_ANOMALO (<$5k)";"https://mayoristas.skyblue.com.ar/Products/4145"
4366;"REF175292";"Xti by Sky Blue";"Verano 27";"REF175292";75558;"$ 75.558,00 + IVA";6;SI;362;"Bota de mujer, de la marca Refresh. Fabricada en suave antel";180;2;2;80;EXCELENTE;"TITULO_ES_SKU";"https://mayoristas.skyblue.com.ar/Products/4366"
4367;"REF175293";"Xti by Sky Blue";"Verano 27";"REF175293";75558;"$ 75.558,00 + IVA";9;SI;242;"Bota de mujer, de la marca Refresh. Fabricada en antelina tr";540;3;1;80;EXCELENTE;"TITULO_ES_SKU";"https://mayoristas.skyblue.com.ar/Products/4367"
4368;"REF176149";"Xti by Sky Blue";"Verano 27";"REF176149";75558;"$ 75.558,00 + IVA";2;SI;491;"Bota de mujer, marca Refresh. Fabricada en material que imit";480;2;1;80;EXCELENTE;"TITULO_ES_SKU";"https://mayoristas.skyblue.com.ar/Products/4368"
4369;"REF176152";"Xti by Sky Blue";"Verano 27";"REF176152";62958;"$ 62.958,00 + IVA";2;SI;557;"Botín de mujer, marca Refresh. Fabricado en antelina de alta";540;3;1;80;EXCELENTE;"TITULO_ES_SKU";"https://mayoristas.skyblue.com.ar/Products/4369"
4384;"REF176255";"Xti by Sky Blue";"Verano 27";"REF176255";62958;"$ 62.958,00 + IVA";1;SI;375;"Botín de mujer, marca Refresh. Fabricado en antelina de alta";360;2;1;70;REGULAR;"SOLO_1_FOTO | TITULO_ES_SKU";"https://mayoristas.skyblue.com.ar/Products/4384"
4391;"REF176300";"Xti by Sky Blue";"Verano 27";"REF176300";75558;"$ 75.558,00 + IVA";2;SI;354;"Bota de mujer, marca Refresh. Fabricada en antelina de alta ";360;2;1;80;EXCELENTE;"TITULO_ES_SKU";"https://mayoristas.skyblue.com.ar/Products/4391"
3744;"XTI141807";"Xti by Sky Blue";"Todo el año";"XTI141807";65940;"$ 65.940,00 + IVA";6;SI;414;"Botines elaborados en material sintético en color negro. Cie";86;3;2;80;EXCELENTE;"TITULO_ES_SKU";"https://mayoristas.skyblue.com.ar/Products/3744"
3786;"XTI142197";"Xti by Sky Blue";"Todo el año";"XTI142197";54560;"$ 54.560,00 + IVA";13;SI;309;"Pantubota de mujer, de la marca Xti. Fabricado en suave ante";564;2;2;80;EXCELENTE;"TITULO_ES_SKU";"https://mayoristas.skyblue.com.ar/Products/3786"
4599;"XTI142553";"Xti by Sky Blue";"Verano 27";"XTI142553";46158;"$ 46.158,00 + IVA";2;NO;0;"";0;2;1;55;REGULAR;"TITULO_ES_SKU | SIN_DESCRIPCION | SIN_STOCK_INMEDIATO";"https://mayoristas.skyblue.com.ar/Products/4599"
3737;"XTI142573";"Xti by Sky Blue";"Invierno 26";"XTI142573";62900;"$ 62.900,00 + IVA";9;SI;406;"Zapatilla de mujer con cuña de 7 cm de la marca Xti. Fabrica";96;3;3;80;EXCELENTE;"TITULO_ES_SKU";"https://mayoristas.skyblue.com.ar/Products/3737"
4416;"XTI142738";"Xti by Sky Blue";"Todo el año";"XTI142738";54558;"$ 54.558,00 + IVA";1;NO;0;"";360;2;1;45;CRITICO;"SOLO_1_FOTO | TITULO_ES_SKU | SIN_DESCRIPCION";"https://mayoristas.skyblue.com.ar/Products/4416"
3826;"XTI142934";"Xti by Sky Blue";"Todo el año";"XTI142934";46376;"$ 46.376,00 + IVA";8;SI;605;"Zapatilla de la marca Xti fabricada en textil con cierres de";520;2;1;80;EXCELENTE;"TITULO_ES_SKU";"https://mayoristas.skyblue.com.ar/Products/3826"
3828;"XTI142953";"Xti by Sky Blue";"Todo el año";"XTI142953";29490;"$ 29.490,00 + IVA";2;SI;419;"Zapatilla de mujer de la marca Xti, fabricado en textil. Se ";744;3;4;80;EXCELENTE;"TITULO_ES_SKU";"https://mayoristas.skyblue.com.ar/Products/3828"
3825;"XTI142957";"Xti by Sky Blue";"Todo el año";"XTI142957";58751;"$ 58.751,00 + IVA";6;SI;961;"Zapatilla de la marca Xti confeccionada en materiales sintét";0;1;1;80;EXCELENTE;"TITULO_ES_SKU | SIN_STOCK_INMEDIATO";"https://mayoristas.skyblue.com.ar/Products/3825"
3829;"XTI142965";"Xti by Sky Blue";"Todo el año";"XTI142965";58751;"$ 58.751,00 + IVA";7;SI;821;"Zapatilla de la marca Xti. Fabricada en material que imita l";76;3;1;80;EXCELENTE;"TITULO_ES_SKU";"https://mayoristas.skyblue.com.ar/Products/3829"
3738;"XTI142984";"Xti by Sky Blue";"Todo el año";"XTI142984";65940;"$ 65.940,00 + IVA";5;SI;321;"Borcego de la marca Xti. Fabricado en un material que imita ";144;1;1;80;EXCELENTE;"TITULO_ES_SKU";"https://mayoristas.skyblue.com.ar/Products/3738"
3739;"XTI142999";"Xti by Sky Blue";"Todo el año";"XTI142999";75558;"$ 75.558,00 + IVA";8;SI;371;"Bota de la marca Xti. Fabricada en material que imita la pie";158;3;1;80;EXCELENTE;"TITULO_ES_SKU";"https://mayoristas.skyblue.com.ar/Products/3739"
3862;"XTI143002";"Xti by Sky Blue";"Invierno 26";"XTI143002";65940;"$ 65.940,00 + IVA";1;SI;400;"""Botín de mujer, de la marca Xti. Fabricado con un material ";224;1;1;70;REGULAR;"SOLO_1_FOTO | TITULO_ES_SKU";"https://mayoristas.skyblue.com.ar/Products/3862"
3740;"XTI143004";"Xti by Sky Blue";"Todo el año";"XTI143004";65940;"$ 65.940,00 + IVA";11;SI;395;"Bota de mujer, de la marca Xti. Fabricado con un material qu";256;2;2;80;EXCELENTE;"TITULO_ES_SKU";"https://mayoristas.skyblue.com.ar/Products/3740"
3863;"XTI143006";"Xti by Sky Blue";"Invierno 26";"XTI143006";65940;"$ 65.940,00 + IVA";1;SI;376;"Botín motero de mujer, de la marca Xti. Fabricada en materia";139;2;1;70;REGULAR;"SOLO_1_FOTO | TITULO_ES_SKU";"https://mayoristas.skyblue.com.ar/Products/3863"
3742;"XTI143015";"Xti by Sky Blue";"Invierno 26";"XTI143015";65940;"$ 65.940,00 + IVA";1;SI;344;"Botín de mujer, de la marca de Xti. Fabricado en un material";144;1;1;70;REGULAR;"SOLO_1_FOTO | TITULO_ES_SKU";"https://mayoristas.skyblue.com.ar/Products/3742"
4552;"XTI143023";"Xti by Sky Blue";"Verano 27";"XTI143023 - Brillo";75558;"$ 75.558,00 + IVA";8;SI;319;"Bota de mujer, de la marca Xti, fabricada en antelina decora";592;2;1;100;EXCELENTE;"";"https://mayoristas.skyblue.com.ar/Products/4552"
4466;"XTI143025";"Xti by Sky Blue";"Todo el año";"XTI143025";65940;"$ 65.940,00 + IVA";5;NO;0;"";4;3;5;55;REGULAR;"TITULO_ES_SKU | SIN_DESCRIPCION";"https://mayoristas.skyblue.com.ar/Products/4466"
3832;"XTI143069";"Xti by Sky Blue";"Todo el año";"XTI143069";58751;"$ 58.751,00 + IVA";7;SI;431;"Zapatilla de mujer, de la marca de Xti. Fabricado en materia";36;2;1;80;EXCELENTE;"TITULO_ES_SKU";"https://mayoristas.skyblue.com.ar/Products/3832"
3788;"XTI143071";"Xti by Sky Blue";"Invierno 26";"XTI143071";62958;"$ 62.958,00 + IVA";8;SI;458;"Zapatilla de mujer, de la marca Xti. Fabricado en material q";8;2;3;80;EXCELENTE;"TITULO_ES_SKU";"https://mayoristas.skyblue.com.ar/Products/3788"
3834;"XTI143074";"Xti by Sky Blue";"Todo el año";"XTI143074";53514;"$ 53.514,00 + IVA";8;SI;446;"Zapatillas de mujer de la marca Xti. Confeccionadas en mater";324;2;2;80;EXCELENTE;"TITULO_ES_SKU";"https://mayoristas.skyblue.com.ar/Products/3834"
3835;"XTI143084";"Xti by Sky Blue";"Todo el año";"XTI143084";53514;"$ 53.514,00 + IVA";10;SI;420;"Zapatilla deportiva mujer, fabricado en textil. Con tirador ";504;2;2;80;EXCELENTE;"TITULO_ES_SKU";"https://mayoristas.skyblue.com.ar/Products/3835"
3836;"XTI143085";"Xti by Sky Blue";"Todo el año";"XTI143085";49938;"$ 49.938,00 + IVA";10;SI;470;"Zapatilla de mujer, de la marca Xti. Fabricada en material t";49;2;1;80;EXCELENTE;"TITULO_ES_SKU";"https://mayoristas.skyblue.com.ar/Products/3836"
3745;"XTI143094";"Xti by Sky Blue";"Todo el año";"XTI143094";65940;"$ 65.940,00 + IVA";10;SI;663;"Bota de la marca Xti. Fabricado con un material que imita la";280;2;1;80;EXCELENTE;"TITULO_ES_SKU";"https://mayoristas.skyblue.com.ar/Products/3745"
3789;"XTI143103";"Xti by Sky Blue";"Invierno 26";"XTI143103";65940;"$ 65.940,00 + IVA";5;SI;235;"Descripción Bota de la marca Xti. Fabricado en material que";0;1;1;80;EXCELENTE;"TITULO_ES_SKU | SIN_STOCK_INMEDIATO";"https://mayoristas.skyblue.com.ar/Products/3789"
3790;"XTI143106";"Xti by Sky Blue";"Invierno 26";"XTI143106";48040;"$ 48.040,00 + IVA";1;SI;393;"Mocasín de mujer, de la marca Xti. Fabricado en un material ";24;1;2;70;REGULAR;"SOLO_1_FOTO | TITULO_ES_SKU";"https://mayoristas.skyblue.com.ar/Products/3790"
4447;"XTI143108";"Xti by Sky Blue";"Todo el año";"XTI143108";65940;"$ 65.940,00 + IVA";6;NO;0;"";8;1;2;55;REGULAR;"TITULO_ES_SKU | SIN_DESCRIPCION";"https://mayoristas.skyblue.com.ar/Products/4447"
4527;"XTI143114";"Xti by Sky Blue";"Verano 27";"XTI143114 - Brillo";62958;"$ 62.958,00 + IVA";4;SI;321;"Botín de mujer de la marca Xti. Fabricado en antelina con pi";592;1;1;100;EXCELENTE;"";"https://mayoristas.skyblue.com.ar/Products/4527"
4528;"XTI143121";"Xti by Sky Blue";"Verano 27";"XTI143121 - Brillo";62958;"$ 62.958,00 + IVA";1;NO;0;"";592;1;1;65;REGULAR;"SOLO_1_FOTO | SIN_DESCRIPCION";"https://mayoristas.skyblue.com.ar/Products/4528"
3837;"XTI143177";"Xti by Sky Blue";"Todo el año";"XTI143177";31491;"$ 31.491,00 + IVA";10;SI;438;"Zapatilla de mujer, de la marca Xti. Fabricada en tejido téc";720;2;1;80;EXCELENTE;"TITULO_ES_SKU";"https://mayoristas.skyblue.com.ar/Products/3837"
4425;"XTI143233";"Xti by Sky Blue";"Todo el año";"XTI143233";50360;"$ 50.360,00 + IVA";3;NO;0;"";84;3;2;55;REGULAR;"TITULO_ES_SKU | SIN_DESCRIPCION";"https://mayoristas.skyblue.com.ar/Products/4425"
4423;"XTI143234";"Xti by Sky Blue";"Todo el año";"XTI143234";50360;"$ 50.360,00 + IVA";9;NO;0;"";552;2;1;55;REGULAR;"TITULO_ES_SKU | SIN_DESCRIPCION";"https://mayoristas.skyblue.com.ar/Products/4423"
3838;"XTI143260";"Xti by Sky Blue";"Todo el año";"XTI143260";38700;"$ 38.700,00 + IVA";14;SI;448;"Zapatilla de mujer, de la marca Xti. Fabricado en un materia";446;3;2;80;EXCELENTE;"TITULO_ES_SKU";"https://mayoristas.skyblue.com.ar/Products/3838"
3839;"XTI143262";"Xti by Sky Blue";"Todo el año";"XTI143262";38691;"$ 38.691,00 + IVA";11;SI;587;"Zapatilla de la marca Xti. Fabricado en un material que imit";108;3;1;80;EXCELENTE;"TITULO_ES_SKU";"https://mayoristas.skyblue.com.ar/Products/3839"
4534;"XTI143265";"Xti by Sky Blue";"Verano 27";"XTI143265";62958;"$ 62.958,00 + IVA";1;SI;442;"Botín de hombre, de la marca Xti. Fabricado en serraje de al";64;2;1;70;REGULAR;"SOLO_1_FOTO | TITULO_ES_SKU";"https://mayoristas.skyblue.com.ar/Products/4534"
3791;"XTI143291";"Xti by Sky Blue";"Todo el año";"XTI143291";65940;"$ 65.940,00 + IVA";4;SI;392;"Mocasín de mujer, de la marca Xti. Fabricado en un material ";228;1;1;80;EXCELENTE;"TITULO_ES_SKU";"https://mayoristas.skyblue.com.ar/Products/3791"
3747;"XTI143294";"Xti by Sky Blue";"Todo el año";"XTI143294";83958;"$ 83.958,00 + IVA";7;SI;484;"Bota de la marca Xti. Fabricado en un material que imita la ";72;1;1;80;EXCELENTE;"TITULO_ES_SKU";"https://mayoristas.skyblue.com.ar/Products/3747"
3736;"XTI143300";"Xti by Sky Blue";"Todo el año";"XTI143300";65940;"$ 65.940,00 + IVA";5;SI;362;"Bota de la marca Xti. Fabricada en un material que imita la ";127;1;1;80;EXCELENTE;"TITULO_ES_SKU";"https://mayoristas.skyblue.com.ar/Products/3736"
3746;"XTI143307";"Xti by Sky Blue";"Todo el año";"XTI143307";65940;"$ 65.940,00 + IVA";6;SI;521;"Botas de la marca Xti. Fabricada en un material que imita la";184;1;1;80;EXCELENTE;"TITULO_ES_SKU";"https://mayoristas.skyblue.com.ar/Products/3746"
3741;"XTI143318";"Xti by Sky Blue";"Todo el año";"XTI143318";65940;"$ 65.940,00 + IVA";10;SI;805;"Borcego de la marca Xti. Fabricado en un material que imita ";152;2;1;80;EXCELENTE;"TITULO_ES_SKU";"https://mayoristas.skyblue.com.ar/Products/3741"
4553;"XTI143337";"Xti by Sky Blue";"Verano 27";"XTI143337";1.5;"$ 1,50";5;SI;524;"Alpargata de mujer, de la marca Xti. Fabricada en material t";0;0;0;50;REGULAR;"TITULO_ES_SKU | PRECIO_ANOMALO (<$5k) | SIN_VARIANTES | SIN_STOCK_INMEDIATO | SIN_CURVAS_MODALIDADES";"https://mayoristas.skyblue.com.ar/Products/4553"
3748;"XTI143367";"Xti by Sky Blue";"Todo el año";"XTI143367";75558;"$ 75.558,00 + IVA";5;SI;542;"Bota de la marca Xti. Fabricada en un material que imita la ";102;2;1;80;EXCELENTE;"TITULO_ES_SKU";"https://mayoristas.skyblue.com.ar/Products/3748"
3749;"XTI143368";"Xti by Sky Blue";"Todo el año";"XTI143368";65940;"$ 65.940,00 + IVA";4;SI;513;"Bota de la marca Xti. Fabricada en un material que imita la ";112;1;1;80;EXCELENTE;"TITULO_ES_SKU";"https://mayoristas.skyblue.com.ar/Products/3749"
3775;"XTI143370";"Xti by Sky Blue";"Invierno 26";"XTI143370";62958;"$ 62.958,00 + IVA";3;SI;331;"Botín de mujer, de la marca Xti. Fabricada en material que i";104;1;1;80;EXCELENTE;"TITULO_ES_SKU";"https://mayoristas.skyblue.com.ar/Products/3775"
3873;"XTI143371";"Xti by Sky Blue";"Invierno 26";"XTI143371";65940;"$ 65.940,00 + IVA";4;SI;336;"Botín de mujer, de la marca de Xti. Fabricada en material qu";16;1;2;80;EXCELENTE;"TITULO_ES_SKU";"https://mayoristas.skyblue.com.ar/Products/3873"
3840;"XTI143384";"Xti by Sky Blue";"Todo el año";"XTI143384";29990;"$ 29.990,00 + IVA";8;SI;751;"Zapatillas de  Xti, diseñadas para ofrecer comodidad y pract";348;2;1;80;EXCELENTE;"TITULO_ES_SKU";"https://mayoristas.skyblue.com.ar/Products/3840"
3864;"XTI143415";"Xti by Sky Blue";"Invierno 26";"XTI143415";83958;"$ 83.958,00 + IVA";6;SI;324;"Bota de mujer, de la marca Xti. Fabricada en un material que";80;1;1;80;EXCELENTE;"TITULO_ES_SKU";"https://mayoristas.skyblue.com.ar/Products/3864"
3865;"XTI143416";"Xti by Sky Blue";"Invierno 26";"XTI143416";83958;"$ 83.958,00 + IVA";12;SI;395;"Bota de mujer, de la marca Xti. Fabricado en un material que";176;2;1;80;EXCELENTE;"TITULO_ES_SKU";"https://mayoristas.skyblue.com.ar/Products/3865"
3750;"XTI143422";"Xti by Sky Blue";"Todo el año";"XTI143422";75558;"$ 75.558,00 + IVA";1;SI;658;"Bota de la marca Xti. Fabricada en material que imita la pie";56;1;2;70;REGULAR;"SOLO_1_FOTO | TITULO_ES_SKU";"https://mayoristas.skyblue.com.ar/Products/3750"
3751;"XTI143424";"Xti by Sky Blue";"Todo el año";"XTI143424";75558;"$ 75.558,00 + IVA";6;SI;355;"Bota de la marca Xti. Fabricada en una suave antelina. Con c";0;1;1;80;EXCELENTE;"TITULO_ES_SKU | SIN_STOCK_INMEDIATO";"https://mayoristas.skyblue.com.ar/Products/3751"
4436;"XTI143442";"Xti by Sky Blue";"Todo el año";"XTI143442";83958;"$ 83.958,00 + IVA";1;NO;0;"";24;1;1;45;CRITICO;"SOLO_1_FOTO | TITULO_ES_SKU | SIN_DESCRIPCION";"https://mayoristas.skyblue.com.ar/Products/4436"
3866;"XTI143444";"Xti by Sky Blue";"Invierno 26";"XTI143444";66780;"$ 66.780,00 + IVA";6;SI;336;"Botín de mujer, de la marca Xti. Fabricado en un material qu";200;1;1;80;EXCELENTE;"TITULO_ES_SKU";"https://mayoristas.skyblue.com.ar/Products/3866"
3867;"XTI143467";"Xti by Sky Blue";"Invierno 26";"XTI143467";75558;"$ 75.558,00 + IVA";1;SI;340;"Botín de mujer, de la marca Xti. Botín casual fabricado en u";0;1;2;70;REGULAR;"SOLO_1_FOTO | TITULO_ES_SKU | SIN_STOCK_INMEDIATO";"https://mayoristas.skyblue.com.ar/Products/3867"
3752;"XTI143477";"Xti by Sky Blue";"Todo el año";"XTI143477";65940;"$ 65.940,00 + IVA";5;SI;457;"Texana de la marca Xti estilo cowboy. Fabricado en un materi";32;1;1;80;EXCELENTE;"TITULO_ES_SKU";"https://mayoristas.skyblue.com.ar/Products/3752"
3841;"XTI143483";"Xti by Sky Blue";"Todo el año";"XTI143483";38325;"$ 38.325,00 + IVA";3;SI;838;"Zapatilla de Xti, confeccionada en suave material tipo gamuz";12;1;1;80;EXCELENTE;"TITULO_ES_SKU";"https://mayoristas.skyblue.com.ar/Products/3841"
3874;"XTI143488";"Xti by Sky Blue";"Invierno 26";"XTI143488";50358;"$ 50.358,00 + IVA";6;SI;311;"Zapatilla de mujer, de la marca Xti. Fabricado en una suave ";104;2;2;80;EXCELENTE;"TITULO_ES_SKU";"https://mayoristas.skyblue.com.ar/Products/3874"
3842;"XTI143588";"Xti by Sky Blue";"Todo el año";"XTI143588";29990;"$ 29.990,00 + IVA";6;SI;623;"Zapatilla de la marca Xti. Fabricada en textil. Cierre media";72;2;2;80;EXCELENTE;"TITULO_ES_SKU";"https://mayoristas.skyblue.com.ar/Products/3842"
3843;"XTI143591";"Xti by Sky Blue";"Todo el año";"XTI143591";36648;"$ 36.648,00 + IVA";6;SI;1126;"La zapatilla Knot de la marca Xti esta confeccionada en un m";384;3;1;80;EXCELENTE;"TITULO_ES_SKU";"https://mayoristas.skyblue.com.ar/Products/3843"
3844;"XTI143613";"Xti by Sky Blue";"Todo el año";"XTI143613";50238;"$ 50.238,00 + IVA";8;SI;1244;"Diseño urbano, moderno y súper cómodo. Esta zapatilla de XTI";684;2;1;80;EXCELENTE;"TITULO_ES_SKU";"https://mayoristas.skyblue.com.ar/Products/3844"
4412;"XTI143635";"Xti by Sky Blue";"Todo el año";"XTI143635";50358;"$ 50.358,00 + IVA";1;NO;0;"";648;2;1;45;CRITICO;"SOLO_1_FOTO | TITULO_ES_SKU | SIN_DESCRIPCION";"https://mayoristas.skyblue.com.ar/Products/4412"
4413;"XTI143639";"Xti by Sky Blue";"Todo el año";"XTI143639";50358;"$ 50.358,00 + IVA";1;NO;0;"";612;2;1;45;CRITICO;"SOLO_1_FOTO | TITULO_ES_SKU | SIN_DESCRIPCION";"https://mayoristas.skyblue.com.ar/Products/4413"
4411;"XTI143642";"Xti by Sky Blue";"Todo el año";"XTI143642";46158;"$ 46.158,00 + IVA";1;NO;0;"";564;2;1;45;CRITICO;"SOLO_1_FOTO | TITULO_ES_SKU | SIN_DESCRIPCION";"https://mayoristas.skyblue.com.ar/Products/4411"
3846;"XTI143644";"Xti by Sky Blue";"Todo el año";"XTI143644";39161;"$ 39.161,00 + IVA";7;SI;292;"Zapatillas deportivas con un diseño moderno y desenfadado, e";121;1;1;80;EXCELENTE;"TITULO_ES_SKU";"https://mayoristas.skyblue.com.ar/Products/3846"
3847;"XTI143645";"Xti by Sky Blue";"Todo el año";"XTI143645";37762;"$ 37.762,00 + IVA";17;SI;144;"Zapatilla de mujer, de la marca Xti. Fabricada en material q";288;4;2;80;EXCELENTE;"TITULO_ES_SKU";"https://mayoristas.skyblue.com.ar/Products/3847"
3845;"XTI143663";"Xti by Sky Blue";"Todo el año";"XTI143663";50238;"$ 50.238,00 + IVA";6;SI;196;"Zapatilla de mujer, de la marca xti. Fabricada en combinació";960;2;1;80;EXCELENTE;"TITULO_ES_SKU";"https://mayoristas.skyblue.com.ar/Products/3845"
4445;"XTI143792";"Xti by Sky Blue";"Todo el año";"XTI143792";45322;"$ 45.322,00 + IVA";1;NO;0;"";10;2;5;45;CRITICO;"SOLO_1_FOTO | TITULO_ES_SKU | SIN_DESCRIPCION";"https://mayoristas.skyblue.com.ar/Products/4445"
4525;"XTI143794";"Xti by Sky Blue";"Todo el año";"XTI143794";50358;"$ 50.358,00 + IVA";1;NO;0;"";0;3;2;45;CRITICO;"SOLO_1_FOTO | TITULO_ES_SKU | SIN_DESCRIPCION | SIN_STOCK_INMEDIATO";"https://mayoristas.skyblue.com.ar/Products/4525"
4401;"XTI143803";"Xti by Sky Blue";"Todo el año";"XTI143803";50358;"$ 50.358,00 + IVA";9;SI;424;"Mocasín destalonado de mujer, de la marca Xti. Fabricado en ";288;5;1;80;EXCELENTE;"TITULO_ES_SKU";"https://mayoristas.skyblue.com.ar/Products/4401"
4408;"XTI143828";"Xti by Sky Blue";"Todo el año";"XTI143828";50358;"$ 50.358,00 + IVA";1;NO;0;"";0;2;1;45;CRITICO;"SOLO_1_FOTO | TITULO_ES_SKU | SIN_DESCRIPCION | SIN_STOCK_INMEDIATO";"https://mayoristas.skyblue.com.ar/Products/4408"
4341;"XTI143848";"Xti by Sky Blue";"Todo el año";"XTI143848";54558;"$ 54.558,00 + IVA";10;SI;607;"Sandalia de mujer con cuña, de la marca Xti. Fabricada en ma";460;4;6;80;EXCELENTE;"TITULO_ES_SKU";"https://mayoristas.skyblue.com.ar/Products/4341"
4414;"XTI143874";"Xti by Sky Blue";"Todo el año";"XTI143874";54558;"$ 54.558,00 + IVA";1;NO;0;"";516;3;1;45;CRITICO;"SOLO_1_FOTO | TITULO_ES_SKU | SIN_DESCRIPCION";"https://mayoristas.skyblue.com.ar/Products/4414"
4464;"XTI143886";"Xti by Sky Blue";"Todo el año";"XTI143886";62616;"$ 62.616,00 + IVA";4;NO;0;"";24;4;5;55;REGULAR;"TITULO_ES_SKU | SIN_DESCRIPCION";"https://mayoristas.skyblue.com.ar/Products/4464"
4410;"XTI143888";"Xti by Sky Blue";"Todo el año";"XTI143888";29990;"$ 29.990,00 + IVA";1;NO;0;"";1504;2;1;45;CRITICO;"SOLO_1_FOTO | TITULO_ES_SKU | SIN_DESCRIPCION";"https://mayoristas.skyblue.com.ar/Products/4410"
4417;"XTI143959";"Xti by Sky Blue";"Todo el año";"XTI143959";79345;"$ 79.345,00 + IVA";10;SI;285;"Botín de mujer, de la marca Xti. Fabricado en antelina con d";0;2;1;80;EXCELENTE;"TITULO_ES_SKU | SIN_STOCK_INMEDIATO";"https://mayoristas.skyblue.com.ar/Products/4417"
4399;"XTI143986";"Xti by Sky Blue";"Verano 27";"XTI143986";54558;"$ 54.558,00 + IVA";1;SI;478;"Sandalia de mujer, de la marca Xti. Fabricada en material qu";644;4;3;70;REGULAR;"SOLO_1_FOTO | TITULO_ES_SKU";"https://mayoristas.skyblue.com.ar/Products/4399"
4415;"XTI144024";"Xti by Sky Blue";"Todo el año";"XTI144024";54558;"$ 54.558,00 + IVA";1;NO;0;"";228;2;1;45;CRITICO;"SOLO_1_FOTO | TITULO_ES_SKU | SIN_DESCRIPCION";"https://mayoristas.skyblue.com.ar/Products/4415"
3848;"XTI144050";"Xti by Sky Blue";"Todo el año";"XTI144050";37600;"$ 37.600,00 + IVA";9;SI;442;"Zapatillas de mujer, de la marca xti. Fabricadas en material";84;3;2;80;EXCELENTE;"TITULO_ES_SKU";"https://mayoristas.skyblue.com.ar/Products/3848"
3849;"XTI144052";"Xti by Sky Blue";"Todo el año";"XTI144052";40850;"$ 40.850,00 + IVA";9;SI;1651;"Atrevida, moderna y con una estética súper moderna y casual.";456;2;2;80;EXCELENTE;"TITULO_ES_SKU";"https://mayoristas.skyblue.com.ar/Products/3849"
4407;"XTI144073";"Xti by Sky Blue";"Verano 27";"XTI144073";50358;"$ 50.358,00 + IVA";1;NO;0;"";0;2;1;45;CRITICO;"SOLO_1_FOTO | TITULO_ES_SKU | SIN_DESCRIPCION | SIN_STOCK_INMEDIATO";"https://mayoristas.skyblue.com.ar/Products/4407"
4398;"XTI144104";"Xti by Sky Blue";"Todo el año";"XTI144104";46158;"$ 46.158,00 + IVA";1;SI;366;"Alpargata estilo valenciana de mujer, de la marca Xti. Fabri";168;3;1;70;REGULAR;"SOLO_1_FOTO | TITULO_ES_SKU";"https://mayoristas.skyblue.com.ar/Products/4398"
4400;"XTI144112";"Xti by Sky Blue";"Verano 27";"XTI144112";50358;"$ 50.358,00 + IVA";1;NO;0;"";252;5;1;45;CRITICO;"SOLO_1_FOTO | TITULO_ES_SKU | SIN_DESCRIPCION";"https://mayoristas.skyblue.com.ar/Products/4400"
4535;"XTI144138";"Xti by Sky Blue";"Verano 27";"XTI144138";50358;"$ 50.358,00 + IVA";6;SI;180;"Zapatilla tipo zueco de caballero, de la marca Xti. Fabricad";96;3;1;80;EXCELENTE;"TITULO_ES_SKU";"https://mayoristas.skyblue.com.ar/Products/4535"
4179;"XTI144264";"Xti by Sky Blue";"Invierno 26";"XTI144264";54558;"$ 54.558,00 + IVA";7;SI;498;"Bailarina de mujer, de la marca Xti. Fabricada en material q";0;1;1;80;EXCELENTE;"TITULO_ES_SKU | SIN_STOCK_INMEDIATO";"https://mayoristas.skyblue.com.ar/Products/4179"
3792;"XTI144305";"Xti by Sky Blue";"Invierno 26";"XTI144305";62958;"$ 62.958,00 + IVA";1;SI;719;"Botín de mujer, de la marca Xti. Fabricado en material que i";88;1;1;70;REGULAR;"SOLO_1_FOTO | TITULO_ES_SKU";"https://mayoristas.skyblue.com.ar/Products/3792"
3868;"XTI144306";"Xti by Sky Blue";"Invierno 26";"XTI144306";75558;"$ 75.558,00 + IVA";1;SI;607;"Bota de mujer, de la marca Xti. Fabricada en material que im";96;1;1;70;REGULAR;"SOLO_1_FOTO | TITULO_ES_SKU";"https://mayoristas.skyblue.com.ar/Products/3868"
3793;"XTI144308";"Xti by Sky Blue";"Invierno 26";"XTI144308";75558;"$ 75.558,00 + IVA";5;SI;514;"Bota de mujer, de la marca Xti. Fabricada en material de alt";0;1;3;80;EXCELENTE;"TITULO_ES_SKU | SIN_STOCK_INMEDIATO";"https://mayoristas.skyblue.com.ar/Products/3793"
3869;"XTI144321";"Xti by Sky Blue";"Invierno 26";"XTI144321";83958;"$ 83.958,00 + IVA";6;SI;467;"Bota de mujer de antelina, de la marca Xti. Con un elegante ";320;2;1;80;EXCELENTE;"TITULO_ES_SKU";"https://mayoristas.skyblue.com.ar/Products/3869"
3794;"XTI144338";"Xti by Sky Blue";"Invierno 26";"XTI144338";58770;"$ 58.770,00 + IVA";7;SI;379;"Zapatilla de mujer, de la marca Xti. Fabricado en una suave ";184;3;2;80;EXCELENTE;"TITULO_ES_SKU";"https://mayoristas.skyblue.com.ar/Products/3794"
3795;"XTI144379";"Xti by Sky Blue";"Invierno 26";"XTI144379";62958;"$ 62.958,00 + IVA";4;SI;414;"Zapatilla de mujer de la marca Xti. Fabricada en material qu";0;1;2;80;EXCELENTE;"TITULO_ES_SKU | SIN_STOCK_INMEDIATO";"https://mayoristas.skyblue.com.ar/Products/3795"
3796;"XTI144398";"Xti by Sky Blue";"Invierno 26";"XTI144398";62958;"$ 62.958,00 + IVA";6;SI;792;"Botín de mujer, de la marca Xti. Fabricado en material que i";88;1;1;80;EXCELENTE;"TITULO_ES_SKU";"https://mayoristas.skyblue.com.ar/Products/3796"
3797;"XTI144399";"Xti by Sky Blue";"Invierno 26";"XTI144399";75558;"$ 75.558,00 + IVA";1;SI;677;"Bota de mujer, de la marca Xti. Fabricada en material que im";12;1;2;70;REGULAR;"SOLO_1_FOTO | TITULO_ES_SKU";"https://mayoristas.skyblue.com.ar/Products/3797"
3875;"XTI144419";"Xti by Sky Blue";"Invierno 26";"XTI144419";75558;"$ 75.558,00 + IVA";7;SI;628;"Bota de mujer, de la marca Xti. Fabricada en material que im";24;1;3;80;EXCELENTE;"TITULO_ES_SKU";"https://mayoristas.skyblue.com.ar/Products/3875"
3855;"XTI144448";"Xti by Sky Blue";"Invierno 26";"XTI144448";67158;"$ 67.158,00 + IVA";1;SI;774;"Botín de mujer, de la marca Xti. Fabricado en material texti";0;1;2;70;REGULAR;"SOLO_1_FOTO | TITULO_ES_SKU | SIN_STOCK_INMEDIATO";"https://mayoristas.skyblue.com.ar/Products/3855"
3856;"XTI144449";"Xti by Sky Blue";"Invierno 26";"XTI144449";67158;"$ 67.158,00 + IVA";4;SI;770;"Botín de mujer, de la marca Xti. Fabricado en material texti";0;2;2;80;EXCELENTE;"TITULO_ES_SKU | SIN_STOCK_INMEDIATO";"https://mayoristas.skyblue.com.ar/Products/3856"
3776;"XTI144461";"Xti by Sky Blue";"Invierno 26";"XTI144461";62958;"$ 62.958,00 + IVA";1;NO;0;"";193;2;1;45;CRITICO;"SOLO_1_FOTO | TITULO_ES_SKU | SIN_DESCRIPCION";"https://mayoristas.skyblue.com.ar/Products/3776"
3777;"XTI144466";"Xti by Sky Blue";"Invierno 26";"XTI144466";75558;"$ 75.558,00 + IVA";4;NO;0;"";8;1;2;55;REGULAR;"TITULO_ES_SKU | SIN_DESCRIPCION";"https://mayoristas.skyblue.com.ar/Products/3777"
3778;"XTI144467";"Xti by Sky Blue";"Invierno 26";"XTI144467";75558;"$ 75.558,00 + IVA";5;SI;788;"Botín de mujer de la marca Xti. Confeccionado en suave ante,";160;2;1;80;EXCELENTE;"TITULO_ES_SKU";"https://mayoristas.skyblue.com.ar/Products/3778"
3780;"XTI144470";"Xti by Sky Blue";"Invierno 26";"XTI144470";75558;"$ 75.558,00 + IVA";7;SI;793;"Botín de mujer, de la marca Xti. Fabricado en antelina de al";232;3;2;80;EXCELENTE;"TITULO_ES_SKU";"https://mayoristas.skyblue.com.ar/Products/3780"
3876;"XTI144479";"Xti by Sky Blue";"Invierno 26";"XTI144479";62958;"$ 62.958,00 + IVA";5;SI;697;"Botín de mujer, de la marca Xti. Fabricado en material que i";0;1;2;80;EXCELENTE;"TITULO_ES_SKU | SIN_STOCK_INMEDIATO";"https://mayoristas.skyblue.com.ar/Products/3876"
3877;"XTI144491";"Xti by Sky Blue";"Invierno 26";"XTI144491";54558;"$ 54.558,00 + IVA";5;SI;374;"mocasin de mujer, de la marca Xti. Fabricada en material que";12;2;4;80;EXCELENTE;"TITULO_ES_SKU";"https://mayoristas.skyblue.com.ar/Products/3877"
3878;"XTI144524";"Xti by Sky Blue";"Invierno 26";"XTI144524";62958;"$ 62.958,00 + IVA";4;SI;612;"Bota de mujer, de la marca Xti. Fabricada en material que im";0;1;2;80;EXCELENTE;"TITULO_ES_SKU | SIN_STOCK_INMEDIATO";"https://mayoristas.skyblue.com.ar/Products/3878"
4448;"XTI144565";"Xti by Sky Blue";"Invierno 26";"XTI144565";62680;"$ 62.680,00 + IVA";6;NO;0;"";8;2;1;55;REGULAR;"TITULO_ES_SKU | SIN_DESCRIPCION";"https://mayoristas.skyblue.com.ar/Products/4448"
4438;"XTI144582";"Xti by Sky Blue";"Invierno 26";"XTI144582";62958;"$ 62.958,00 + IVA";2;NO;0;"";24;1;1;55;REGULAR;"TITULO_ES_SKU | SIN_DESCRIPCION";"https://mayoristas.skyblue.com.ar/Products/4438"
4406;"XTI144590";"Xti by Sky Blue";"Todo el año";"XTI144590";46158;"$ 46.158,00 + IVA";1;NO;0;"";300;1;1;45;CRITICO;"SOLO_1_FOTO | TITULO_ES_SKU | SIN_DESCRIPCION";"https://mayoristas.skyblue.com.ar/Products/4406"
4409;"XTI144592";"Xti by Sky Blue";"Todo el año";"XTI144592";54558;"$ 54.558,00 + IVA";1;NO;0;"";0;1;1;45;CRITICO;"SOLO_1_FOTO | TITULO_ES_SKU | SIN_DESCRIPCION | SIN_STOCK_INMEDIATO";"https://mayoristas.skyblue.com.ar/Products/4409"
4427;"XTI144595";"Xti by Sky Blue";"Todo el año";"XTI144595";50358;"$ 50.358,00 + IVA";5;NO;0;"";144;1;1;55;REGULAR;"TITULO_ES_SKU | SIN_DESCRIPCION";"https://mayoristas.skyblue.com.ar/Products/4427"
4405;"XTI144599";"Xti by Sky Blue";"Verano 27";"XTI144599";54558;"$ 54.558,00 + IVA";1;NO;0;"";372;2;1;45;CRITICO;"SOLO_1_FOTO | TITULO_ES_SKU | SIN_DESCRIPCION";"https://mayoristas.skyblue.com.ar/Products/4405"
3857;"XTI144650";"Xti by Sky Blue";"Invierno 26";"XTI144650";83958;"$ 83.958,00 + IVA";5;SI;31;"Bota de mujer, de la marca Xti.";136;1;1;70;REGULAR;"TITULO_ES_SKU | DESCRIPCION_MUY_CORTA";"https://mayoristas.skyblue.com.ar/Products/3857"
3879;"XTI144661";"Xti by Sky Blue";"Invierno 26";"XTI144661";62958;"$ 62.958,00 + IVA";6;SI;633;"Botín de mujer, de la marca Xti. Fabricado en material que i";60;1;2;80;EXCELENTE;"TITULO_ES_SKU";"https://mayoristas.skyblue.com.ar/Products/3879"
3779;"XTI144670";"Xti by Sky Blue";"Invierno 26";"XTI144670";75558;"$ 75.558,00 + IVA";6;SI;736;"Botín de mujer, de la marca Xti. Fabricado en antelina, con ";136;2;1;80;EXCELENTE;"TITULO_ES_SKU";"https://mayoristas.skyblue.com.ar/Products/3779"
3798;"XTI144686";"Xti by Sky Blue";"Invierno 26";"XTI144686";62958;"$ 62.958,00 + IVA";1;SI;558;"Zapatilla de mujer de la marca Xti, fabricada en material te";0;1;1;70;REGULAR;"SOLO_1_FOTO | TITULO_ES_SKU | SIN_STOCK_INMEDIATO";"https://mayoristas.skyblue.com.ar/Products/3798"
4441;"XTI144709";"Xti by Sky Blue";"Invierno 26";"XTI144709";33558;"$ 33.558,00 + IVA";9;NO;0;"";16;2;1;55;REGULAR;"TITULO_ES_SKU | SIN_DESCRIPCION";"https://mayoristas.skyblue.com.ar/Products/4441"
4449;"XTI144710";"Xti by Sky Blue";"Invierno 26";"XTI144710";33500;"$ 33.500,00 + IVA";10;NO;0;"";8;2;1;55;REGULAR;"TITULO_ES_SKU | SIN_DESCRIPCION";"https://mayoristas.skyblue.com.ar/Products/4449"
4437;"XTI144712";"Xti by Sky Blue";"Invierno 26";"XTI144712";71350;"$ 71.350,00 + IVA";10;NO;0;"";40;2;1;55;REGULAR;"TITULO_ES_SKU | SIN_DESCRIPCION";"https://mayoristas.skyblue.com.ar/Products/4437"
4439;"XTI144713";"Xti by Sky Blue";"Invierno 26";"XTI144713";62958;"$ 62.958,00 + IVA";7;NO;0;"";24;2;1;55;REGULAR;"TITULO_ES_SKU | SIN_DESCRIPCION";"https://mayoristas.skyblue.com.ar/Products/4439"
4387;"XTI144716";"Xti by Sky Blue";"Verano 27";"XTI144716";75558;"$ 75.558,00 + IVA";1;SI;592;"Botín de mujer, de la marca Xti. Fabricado en material que i";180;1;1;70;REGULAR;"SOLO_1_FOTO | TITULO_ES_SKU";"https://mayoristas.skyblue.com.ar/Products/4387"
3870;"XTI144717";"Xti by Sky Blue";"Invierno 26";"XTI144717";88158;"$ 88.158,00 + IVA";6;SI;571;"Bota de mujer, de la marca Xti. Fabricada en material que im";144;1;1;80;EXCELENTE;"TITULO_ES_SKU";"https://mayoristas.skyblue.com.ar/Products/3870"
4370;"XTI145073";"Xti by Sky Blue";"Verano 27";"XTI145073";54558;"$ 54.558,00 + IVA";7;SI;488;"Sandalia de mujer, de la marca Xti. Fabricada en serraje, co";240;2;4;80;EXCELENTE;"TITULO_ES_SKU";"https://mayoristas.skyblue.com.ar/Products/4370"
3799;"XTI145171";"Xti by Sky Blue";"Invierno 26";"XTI145171";53125;"$ 53.125,00 + IVA";1;SI;739;"Zapatilla de mujer, de la marca Xti. Fabricada en material t";240;1;4;70;REGULAR;"SOLO_1_FOTO | TITULO_ES_SKU";"https://mayoristas.skyblue.com.ar/Products/3799"
4371;"XTI145207";"Xti by Sky Blue";"Verano 27";"XTI145207";50358;"$ 50.358,00 + IVA";13;SI;545;"Zapatilla de mujer, de la marca Xti. Fabricada en material q";480;2;3;80;EXCELENTE;"TITULO_ES_SKU";"https://mayoristas.skyblue.com.ar/Products/4371"
4644;"XTI145218";"Xti by Sky Blue";"Verano 27";"XTI145218";54558;"$ 54.558,00 + IVA";11;SI;484;"Zapatilla de mujer, de la marca Xti. Fabricada en material t";40;9;6;80;EXCELENTE;"TITULO_ES_SKU";"https://mayoristas.skyblue.com.ar/Products/4644"
4372;"XTI145220";"Xti by Sky Blue";"Verano 27";"XTI145220";54558;"$ 54.558,00 + IVA";12;SI;382;"Bailarina de mujer, de la marca Xti. Fabricada en material q";720;5;1;80;EXCELENTE;"TITULO_ES_SKU";"https://mayoristas.skyblue.com.ar/Products/4372"
4373;"XTI145229";"Xti by Sky Blue";"Verano 27";"XTI145229";54558;"$ 54.558,00 + IVA";16;SI;548;"Zapatilla de mujer, de la marca Xti. Fabricada en material t";0;3;4;80;EXCELENTE;"TITULO_ES_SKU | SIN_STOCK_INMEDIATO";"https://mayoristas.skyblue.com.ar/Products/4373"
4374;"XTI145240";"Xti by Sky Blue";"Verano 27";"XTI145240";54558;"$ 54.558,00 + IVA";10;SI;801;"Sandalia de mujer, de la marca Xti. Fabricada en una combina";728;2;2;80;EXCELENTE;"TITULO_ES_SKU";"https://mayoristas.skyblue.com.ar/Products/4374"
4375;"XTI145244";"Xti by Sky Blue";"Verano 27";"XTI145244";50358;"$ 50.358,00 + IVA";10;NO;0;"";480;2;2;55;REGULAR;"TITULO_ES_SKU | SIN_DESCRIPCION";"https://mayoristas.skyblue.com.ar/Products/4375"
4645;"XTI145252";"Xti by Sky Blue";"Verano 27";"XTI145252";54558;"$ 54.558,00 + IVA";5;SI;701;"""Sandalia de mujer, de la marca Xti. Fabricada en textil tre";56;1;2;80;EXCELENTE;"TITULO_ES_SKU";"https://mayoristas.skyblue.com.ar/Products/4645"
4646;"XTI145260";"Xti by Sky Blue";"Verano 27";"XTI145260";50358;"$ 50.358,00 + IVA";10;SI;732;"sandalia de mujer, de la marca Xti. Fabricada en una combina";32;2;1;80;EXCELENTE;"TITULO_ES_SKU";"https://mayoristas.skyblue.com.ar/Products/4646"
4388;"XTI145265";"Xti by Sky Blue";"Verano 27";"XTI145265";62958;"$ 62.958,00 + IVA";4;SI;699;"""Botín de mujer, de la marca Xti. Fabricado en suave materia";180;1;1;80;EXCELENTE;"TITULO_ES_SKU";"https://mayoristas.skyblue.com.ar/Products/4388"
4647;"XTI145283";"Xti by Sky Blue";"Verano 27";"XTI145283";50000;"$ 50.000,00 + IVA";11;SI;538;"Bailarina de mujer, de la marca Xti. Fabricada en suave ante";32;2;1;80;EXCELENTE;"TITULO_ES_SKU";"https://mayoristas.skyblue.com.ar/Products/4647"
4376;"XTI145375";"Xti by Sky Blue";"Verano 27";"XTI145375";50358;"$ 50.358,00 + IVA";3;SI;578;"Zapatilla de mujer, fabricada en material textil con diseño ";960;3;2;80;EXCELENTE;"TITULO_ES_SKU";"https://mayoristas.skyblue.com.ar/Products/4376"
3881;"XTI145410";"Xti by Sky Blue";"Invierno 26";"XTI145410";42500;"$ 42.500,00 + IVA";10;SI;523;"Zapatilla de mujer, de la marca Xti. Fabricada en material t";0;2;2;80;EXCELENTE;"TITULO_ES_SKU | SIN_STOCK_INMEDIATO";"https://mayoristas.skyblue.com.ar/Products/3881"
4654;"XTI145416";"Xti by Sky Blue";"Verano 27";"XTI145416";45000;"$ 45.000,00 + IVA";4;SI;422;"Alpargata de mujer, de la marca Xti. Fabricada en suave mate";104;1;2;80;EXCELENTE;"TITULO_ES_SKU";"https://mayoristas.skyblue.com.ar/Products/4654"
4648;"XTI145417";"Xti by Sky Blue";"Verano 27";"XTI145417";54000;"$ 54.000,00 + IVA";4;SI;576;"Alpargata de mujer, de la marca Xti.  Fabricada en material";24;1;1;80;EXCELENTE;"TITULO_ES_SKU";"https://mayoristas.skyblue.com.ar/Products/4648"
4377;"XTI145442";"Xti by Sky Blue";"Verano 27";"XTI145442";54558;"$ 54.558,00 + IVA";2;SI;556;"Zapatilla de mujer, de la marca Xti. Fabricada en material t";480;2;1;80;EXCELENTE;"TITULO_ES_SKU";"https://mayoristas.skyblue.com.ar/Products/4377"
4378;"XTI145472";"Xti by Sky Blue";"Verano 27";"XTI145472";41958;"$ 41.958,00 + IVA";10;SI;561;"Sandalia de mujer de la marca Xti, fabricada en suave anteli";480;2;1;80;EXCELENTE;"TITULO_ES_SKU";"https://mayoristas.skyblue.com.ar/Products/4378"
4601;"XTI145473";"Xti by Sky Blue";"Verano 27";"XTI145473";75558;"$ 75.558,00 + IVA";9;SI;519;"Bota de mujer Xti con diseño versátil y confortable para el ";0;2;4;80;EXCELENTE;"TITULO_ES_SKU | SIN_STOCK_INMEDIATO";"https://mayoristas.skyblue.com.ar/Products/4601"
4381;"XTI145498";"Xti by Sky Blue";"Verano 27";"XTI145498";54558;"$ 54.558,00 + IVA";3;SI;92;"ZAPATO DE MUJER XTI PLANO  Altura Tacon: 0 cm Material Ex";984;5;2;80;EXCELENTE;"TITULO_ES_SKU";"https://mayoristas.skyblue.com.ar/Products/4381"
4655;"XTI145499";"Xti by Sky Blue";"Verano 27";"XTI145499";62958;"$ 62.958,00 + IVA";1;SI;485;"Botín de mujer de la marca Xti. Fabricado en suave material ";120;2;7;70;REGULAR;"SOLO_1_FOTO | TITULO_ES_SKU";"https://mayoristas.skyblue.com.ar/Products/4655"
4467;"XTI145716";"Xti by Sky Blue";"Invierno 26";"XTI145716";62958;"$ 62.958,00 + IVA";2;NO;0;"";4;2;1;55;REGULAR;"TITULO_ES_SKU | SIN_DESCRIPCION";"https://mayoristas.skyblue.com.ar/Products/4467"
4468;"XTI145717";"Xti by Sky Blue";"Invierno 26";"XTI145717";62958;"$ 62.958,00 + IVA";1;NO;0;"";4;1;1;45;CRITICO;"SOLO_1_FOTO | TITULO_ES_SKU | SIN_DESCRIPCION";"https://mayoristas.skyblue.com.ar/Products/4468"
4450;"XTI145719";"Xti by Sky Blue";"Invierno 26";"XTI145719";54558;"$ 54.558,00 + IVA";1;NO;0;"";8;1;1;45;CRITICO;"SOLO_1_FOTO | TITULO_ES_SKU | SIN_DESCRIPCION";"https://mayoristas.skyblue.com.ar/Products/4450"
4442;"XTI145727";"Xti by Sky Blue";"Invierno 26";"XTI145727";54558;"$ 54.558,00 + IVA";2;NO;0;"";16;2;1;55;REGULAR;"TITULO_ES_SKU | SIN_DESCRIPCION";"https://mayoristas.skyblue.com.ar/Products/4442"
4600;"XTI145735";"Xti by Sky Blue";"Verano 27";"XTI145735";29358;"$ 29.358,00 + IVA";3;NO;0;"";0;2;1;55;REGULAR;"TITULO_ES_SKU | SIN_DESCRIPCION | SIN_STOCK_INMEDIATO";"https://mayoristas.skyblue.com.ar/Products/4600"
4451;"XTI145763";"Xti by Sky Blue";"Invierno 26";"XTI145763";54558;"$ 54.558,00 + IVA";2;SI;592;"Mocasín de caballero, de la marca Xti, confeccionado en mate";32;4;1;80;EXCELENTE;"TITULO_ES_SKU";"https://mayoristas.skyblue.com.ar/Products/4451"
4598;"XTI145798";"Xti by Sky Blue";"Verano 27";"XTI145798";58758;"$ 58.758,00 + IVA";2;SI;660;"Zapatilla de caballero, de la marca Xti, fabricada en materi";72;3;2;80;EXCELENTE;"TITULO_ES_SKU";"https://mayoristas.skyblue.com.ar/Products/4598"
4536;"XTI145808";"Xti by Sky Blue";"Verano 27";"XTI145808";58758;"$ 58.758,00 + IVA";9;NO;0;"";96;3;1;55;REGULAR;"TITULO_ES_SKU | SIN_DESCRIPCION";"https://mayoristas.skyblue.com.ar/Products/4536"
4382;"XTI146098";"Xti by Sky Blue";"Verano 27";"XTI146098";75558;"$ 75.558,00 + IVA";2;NO;0;"";540;3;1;55;REGULAR;"TITULO_ES_SKU | SIN_DESCRIPCION";"https://mayoristas.skyblue.com.ar/Products/4382"
4389;"XTI146102";"Xti by Sky Blue";"Verano 27";"XTI146102";75558;"$ 75.558,00 + IVA";3;SI;576;"Bota cowboy de mujer, de la marca Xti. Fabricada en antelina";600;3;2;80;EXCELENTE;"TITULO_ES_SKU";"https://mayoristas.skyblue.com.ar/Products/4389"
4390;"XTI146191";"Xti by Sky Blue";"Verano 27";"XTI146191";75558;"$ 75.558,00 + IVA";2;SI;621;"Bota de mujer, de la marca Xti. Fabricada en material que im";480;2;2;80;EXCELENTE;"TITULO_ES_SKU";"https://mayoristas.skyblue.com.ar/Products/4390"
4649;"XTI146311";"Xti by Sky Blue";"Verano 27";"XTI146311";50000;"$ 50.000,00 + IVA";1;SI;374;"Bailarina de mujer, de la marca Xti. Fabricada en suave ante";60;2;3;70;REGULAR;"SOLO_1_FOTO | TITULO_ES_SKU";"https://mayoristas.skyblue.com.ar/Products/4649"
4383;"XTI146482";"Xti by Sky Blue";"Verano 27";"XTI146482";62958;"$ 62.958,00 + IVA";3;SI;1186;"Botín de mujer, de la marca Xti, fabricado en suave antelina";600;3;1;80;EXCELENTE;"TITULO_ES_SKU";"https://mayoristas.skyblue.com.ar/Products/4383"
4385;"XTI146498";"Xti by Sky Blue";"Invierno 26";"XTI146498";75558;"$ 75.558,00 + IVA";2;NO;0;"";540;3;1;55;REGULAR;"TITULO_ES_SKU | SIN_DESCRIPCION";"https://mayoristas.skyblue.com.ar/Products/4385"
4571;"XTI146735";"Xti by Sky Blue";"Verano 27";"XTI146735";62958;"$ 62.958,00 + IVA";7;SI;352;"Mocasín de caballero, de la marca Xti. Fabricado en serraje,";96;3;1;80;EXCELENTE;"TITULO_ES_SKU";"https://mayoristas.skyblue.com.ar/Products/4571"
4537;"XTI146739";"Xti by Sky Blue";"Verano 27";"XTI146739";62958;"$ 62.958,00 + IVA";8;SI;663;"Zapatilla de caballero, de la marca Xti. Fabricada en materi";64;2;1;80;EXCELENTE;"TITULO_ES_SKU";"https://mayoristas.skyblue.com.ar/Products/4537"
4538;"XTI146742";"Xti by Sky Blue";"Verano 27";"XTI146742";46200;"$ 46.200,00 + IVA";6;SI;367;"Zapatilla de caballero de la marca Xti, fabricada en materia";64;2;1;80;EXCELENTE;"TITULO_ES_SKU";"https://mayoristas.skyblue.com.ar/Products/4538"
4539;"XTI146748";"Xti by Sky Blue";"Verano 27";"XTI146748";79758;"$ 79.758,00 + IVA";6;SI;504;"Botín de caballero, de la marca Xti. Fabricado en serraje, c";64;2;1;80;EXCELENTE;"TITULO_ES_SKU";"https://mayoristas.skyblue.com.ar/Products/4539"
4542;"XTI146757";"Xti by Sky Blue";"Verano 27";"XTI146757";62958;"$ 62.958,00 + IVA";3;SI;473;"Zapatilla de caballero, de la marca Xti. Fabricada en materi";96;3;1;80;EXCELENTE;"TITULO_ES_SKU";"https://mayoristas.skyblue.com.ar/Products/4542"
4543;"XTI146760";"Xti by Sky Blue";"Verano 27";"XTI146760";54500;"$ 54.500,00 + IVA";4;SI;621;"Zapato de vestir de caballero, de la marca Xti. Fabricado en";64;2;1;80;EXCELENTE;"TITULO_ES_SKU";"https://mayoristas.skyblue.com.ar/Products/4543"
4544;"XTI146762";"Xti by Sky Blue";"Verano 27";"XTI146762";67200;"$ 67.200,00 + IVA";8;SI;409;"Botín de caballero de la marca Xti, fabricada en material qu";64;2;1;80;EXCELENTE;"TITULO_ES_SKU";"https://mayoristas.skyblue.com.ar/Products/4544"
4545;"XTI146764";"Xti by Sky Blue";"Verano 27";"XTI146764";67200;"$ 67.200,00 + IVA";8;SI;743;"Botín de caballero, de la marca Xti. Fabricado en material q";64;2;1;80;EXCELENTE;"TITULO_ES_SKU";"https://mayoristas.skyblue.com.ar/Products/4545"
4642;"XTI146784";"Xti by Sky Blue";"Verano 27";"XTI146784";62958;"$ 62.958,00 + IVA";1;SI;503;"Zapatilla deportiva de caballero, de la marca Xti. Fabricada";64;2;1;70;REGULAR;"SOLO_1_FOTO | TITULO_ES_SKU";"https://mayoristas.skyblue.com.ar/Products/4642"
4641;"XTI150986";"Xti by Sky Blue";"Verano 27";"XTI150986";50358;"$ 50.358,00 + IVA";1;SI;340;"Botín de niña, de la marca Xti Kids. Fabricado en material m";70;1;1;70;REGULAR;"SOLO_1_FOTO | TITULO_ES_SKU";"https://mayoristas.skyblue.com.ar/Products/4641"
4624;"XTI150988";"Xti by Sky Blue";"Verano 27";"XTI150988";54558;"$ 54.558,00 + IVA";1;SI;312;"Botín de niña, de la marca Xti Kids. Fabricado en material q";105;1;1;70;REGULAR;"SOLO_1_FOTO | TITULO_ES_SKU";"https://mayoristas.skyblue.com.ar/Products/4624"
4625;"XTI151075";"Xti by Sky Blue";"Verano 27";"XTI151075";46158;"$ 46.158,00 + IVA";1;SI;275;"Mocasín de niña, de la marca Xti Kids. Fabricada en material";105;1;1;70;REGULAR;"SOLO_1_FOTO | TITULO_ES_SKU";"https://mayoristas.skyblue.com.ar/Products/4625"
4443;"XTI151117";"Xti by Sky Blue";"Invierno 26";"XTI151117";46158;"$ 46.158,00 + IVA";6;NO;0;"";14;2;1;55;REGULAR;"TITULO_ES_SKU | SIN_DESCRIPCION";"https://mayoristas.skyblue.com.ar/Products/4443"
4626;"XTI151303";"Xti by Sky Blue";"Verano 27";"XTI151303";54558;"$ 54.558,00 + IVA";1;SI;519;"El Botín campero de niña de Xti Kids está confeccionado en m";210;2;1;70;REGULAR;"SOLO_1_FOTO | TITULO_ES_SKU";"https://mayoristas.skyblue.com.ar/Products/4626"
4452;"XTI151385";"Xti by Sky Blue";"Invierno 26";"XTI151385";50358;"$ 50.358,00 + IVA";4;NO;0;"";7;1;1;55;REGULAR;"TITULO_ES_SKU | SIN_DESCRIPCION";"https://mayoristas.skyblue.com.ar/Products/4452"
4627;"XTI151401";"Xti by Sky Blue";"Verano 27";"XTI151401";54558;"$ 54.558,00 + IVA";1;SI;509;"Botín de niña, de la marca Xti Kids. Fabricado en material s";105;1;1;70;REGULAR;"SOLO_1_FOTO | TITULO_ES_SKU";"https://mayoristas.skyblue.com.ar/Products/4627"
4595;"XTI153009";"Xti by Sky Blue";"Invierno 26";"XTI153009";46158;"$ 46.158,00 + IVA";8;NO;0;"";0;2;1;55;REGULAR;"TITULO_ES_SKU | SIN_DESCRIPCION | SIN_STOCK_INMEDIATO";"https://mayoristas.skyblue.com.ar/Products/4595"
4434;"XTI153010";"Xti by Sky Blue";"Invierno 26";"XTI153010";46158;"$ 46.158,00 + IVA";4;NO;0;"";63;1;1;55;REGULAR;"TITULO_ES_SKU | SIN_DESCRIPCION";"https://mayoristas.skyblue.com.ar/Products/4434"
4430;"XTI153032";"Xti by Sky Blue";"Invierno 26";"XTI153032";41958;"$ 41.958,00 + IVA";3;NO;0;"";168;3;1;55;REGULAR;"TITULO_ES_SKU | SIN_DESCRIPCION";"https://mayoristas.skyblue.com.ar/Products/4430"
4453;"XTI153033";"Xti by Sky Blue";"Invierno 26";"XTI153033";41958;"$ 41.958,00 + IVA";8;NO;0;"";7;2;1;55;REGULAR;"TITULO_ES_SKU | SIN_DESCRIPCION";"https://mayoristas.skyblue.com.ar/Products/4453"
4440;"XTI153038";"Xti by Sky Blue";"Invierno 26";"XTI153038";41958;"$ 41.958,00 + IVA";4;NO;0;"";21;4;1;55;REGULAR;"TITULO_ES_SKU | SIN_DESCRIPCION";"https://mayoristas.skyblue.com.ar/Products/4440"
4431;"XTI153043";"Xti by Sky Blue";"Invierno 26";"XTI153043";46158;"$ 46.158,00 + IVA";6;NO;0;"";98;4;1;55;REGULAR;"TITULO_ES_SKU | SIN_DESCRIPCION";"https://mayoristas.skyblue.com.ar/Products/4431"
4432;"XTI153045";"Xti by Sky Blue";"Invierno 26";"XTI153045";41958;"$ 41.958,00 + IVA";4;NO;0;"";84;2;2;55;REGULAR;"TITULO_ES_SKU | SIN_DESCRIPCION";"https://mayoristas.skyblue.com.ar/Products/4432"
4428;"XTI153068";"Xti by Sky Blue";"Verano 27";"XTI153068";25158;"$ 25.158,00 + IVA";6;NO;0;"";210;3;1;55;REGULAR;"TITULO_ES_SKU | SIN_DESCRIPCION";"https://mayoristas.skyblue.com.ar/Products/4428"
4433;"XTI153109";"Xti by Sky Blue";"Invierno 26";"XTI153109";50358;"$ 50.358,00 + IVA";6;NO;0;"";70;2;1;55;REGULAR;"TITULO_ES_SKU | SIN_DESCRIPCION";"https://mayoristas.skyblue.com.ar/Products/4433"
4429;"XTI153131";"Xti by Sky Blue";"Invierno 26";"XTI153131";46158;"$ 46.158,00 + IVA";3;SI;16;"Calzado de niños";161;3;2;70;REGULAR;"TITULO_ES_SKU | DESCRIPCION_MUY_CORTA";"https://mayoristas.skyblue.com.ar/Products/4429"
4628;"XTI154025";"Xti by Sky Blue";"Verano 27";"XTI154025";50358;"$ 50.358,00 + IVA";1;NO;0;"";140;2;1;45;CRITICO;"SOLO_1_FOTO | TITULO_ES_SKU | SIN_DESCRIPCION";"https://mayoristas.skyblue.com.ar/Products/4628"
4629;"XTI154027";"Xti by Sky Blue";"Verano 27";"XTI154027";54558;"$ 54.558,00 + IVA";1;NO;0;"";210;2;1;45;CRITICO;"SOLO_1_FOTO | TITULO_ES_SKU | SIN_DESCRIPCION";"https://mayoristas.skyblue.com.ar/Products/4629"
4630;"XTI154063";"Xti by Sky Blue";"Verano 27";"XTI154063";41958;"$ 41.958,00 + IVA";1;NO;0;"";210;3;1;45;CRITICO;"SOLO_1_FOTO | TITULO_ES_SKU | SIN_DESCRIPCION";"https://mayoristas.skyblue.com.ar/Products/4630"
4631;"XTI154071";"Xti by Sky Blue";"Verano 27";"XTI154071";54558;"$ 54.558,00 + IVA";1;SI;238;"Botín campero XTI Kids, fabricado en antelina suave de alta ";140;2;1;70;REGULAR;"SOLO_1_FOTO | TITULO_ES_SKU";"https://mayoristas.skyblue.com.ar/Products/4631"
4632;"XTI154116";"Xti by Sky Blue";"Verano 27";"XTI154116";50358;"$ 50.358,00 + IVA";1;NO;0;"";140;2;1;45;CRITICO;"SOLO_1_FOTO | TITULO_ES_SKU | SIN_DESCRIPCION";"https://mayoristas.skyblue.com.ar/Products/4632"
4633;"XTI154124";"Xti by Sky Blue";"Verano 27";"XTI154124";54558;"$ 54.558,00 + IVA";1;NO;0;"";70;1;1;45;CRITICO;"SOLO_1_FOTO | TITULO_ES_SKU | SIN_DESCRIPCION";"https://mayoristas.skyblue.com.ar/Products/4633"
4634;"XTI154125";"Xti by Sky Blue";"Verano 27";"XTI154125";62958;"$ 62.958,00 + IVA";1;NO;0;"";70;1;1;45;CRITICO;"SOLO_1_FOTO | TITULO_ES_SKU | SIN_DESCRIPCION";"https://mayoristas.skyblue.com.ar/Products/4634"
4635;"XTI154149";"Xti by Sky Blue";"Verano 27";"XTI154149";54558;"$ 54.558,00 + IVA";1;NO;0;"";140;2;1;45;CRITICO;"SOLO_1_FOTO | TITULO_ES_SKU | SIN_DESCRIPCION";"https://mayoristas.skyblue.com.ar/Products/4635"
4636;"XTI154155";"Xti by Sky Blue";"Verano 27";"XTI154155";54558;"$ 54.558,00 + IVA";1;NO;0;"";140;2;1;45;CRITICO;"SOLO_1_FOTO | TITULO_ES_SKU | SIN_DESCRIPCION";"https://mayoristas.skyblue.com.ar/Products/4636"
4637;"XTI154156";"Xti by Sky Blue";"Verano 27";"XTI154156";54558;"$ 54.558,00 + IVA";1;NO;0;"";140;2;1;45;CRITICO;"SOLO_1_FOTO | TITULO_ES_SKU | SIN_DESCRIPCION";"https://mayoristas.skyblue.com.ar/Products/4637"
4638;"XTI154159";"Xti by Sky Blue";"Verano 27";"XTI154159";54558;"$ 54.558,00 + IVA";1;NO;0;"";210;3;1;45;CRITICO;"SOLO_1_FOTO | TITULO_ES_SKU | SIN_DESCRIPCION";"https://mayoristas.skyblue.com.ar/Products/4638"
4639;"XTI154172";"Xti by Sky Blue";"Verano 27";"XTI154172";41958;"$ 41.958,00 + IVA";1;NO;0;"";140;2;1;45;CRITICO;"SOLO_1_FOTO | TITULO_ES_SKU | SIN_DESCRIPCION";"https://mayoristas.skyblue.com.ar/Products/4639"
4640;"XTI154183";"Xti by Sky Blue";"Verano 27";"XTI154183";54558;"$ 54.558,00 + IVA";1;NO;0;"";140;2;1;45;CRITICO;"SOLO_1_FOTO | TITULO_ES_SKU | SIN_DESCRIPCION";"https://mayoristas.skyblue.com.ar/Products/4640"
4460;"XTI184227";"Xti by Sky Blue";"Todo el año";"XTI184227";44700;"$ 44.700,00 + IVA";7;NO;0;"";2;2;1;55;REGULAR;"TITULO_ES_SKU | SIN_DESCRIPCION";"https://mayoristas.skyblue.com.ar/Products/4460"
4454;"XTI184228";"Xti by Sky Blue";"Todo el año";"xti184228";1.5;"$ 1,50";1;NO;0;"";0;0;0;35;CRITICO;"SOLO_1_FOTO | SIN_DESCRIPCION | PRECIO_ANOMALO (<$5k) | SIN_VARIANTES | SIN_STOCK_INMEDIATO | SIN_CURVAS_MODALIDADES";"https://mayoristas.skyblue.com.ar/Products/4454"
4463;"XTI184369";"Xti by Sky Blue";"Todo el año";"XTI184369";21000;"$ 21.000,00 + IVA";4;NO;0;"";1;4;1;55;REGULAR;"TITULO_ES_SKU | SIN_DESCRIPCION";"https://mayoristas.skyblue.com.ar/Products/4463"
4462;"XTI184373";"Xti by Sky Blue";"Todo el año";"XTI184373";1.5;"$ 1,50";1;NO;0;"";0;0;0;15;CRITICO;"SOLO_1_FOTO | TITULO_ES_SKU | SIN_DESCRIPCION | PRECIO_ANOMALO (<$5k) | SIN_VARIANTES | SIN_STOCK_INMEDIATO | SIN_CURVAS_MODALIDADES";"https://mayoristas.skyblue.com.ar/Products/4462"
4593;"XTI184446";"Xti by Sky Blue";"Verano 27";"XTI184446";54558;"$ 54.558,00 + IVA";4;NO;0;"";3;1;1;55;REGULAR;"TITULO_ES_SKU | SIN_DESCRIPCION";"https://mayoristas.skyblue.com.ar/Products/4593"
4271;"XTI184453";"Xti by Sky Blue";"Invierno 26";"XTI184453";54558;"$ 54.558,00 + IVA";4;NO;0;"";4;1;1;55;REGULAR;"TITULO_ES_SKU | SIN_DESCRIPCION";"https://mayoristas.skyblue.com.ar/Products/4271"
4457;"XTI184468";"Xti by Sky Blue";"Invierno 26";"XTI184468";54558;"$ 54.558,00 + IVA";4;NO;0;"";1;1;1;55;REGULAR;"TITULO_ES_SKU | SIN_DESCRIPCION";"https://mayoristas.skyblue.com.ar/Products/4457"
4272;"XTI184482";"Xti by Sky Blue";"Invierno 26";"XTI184482";54558;"$ 54.558,00 + IVA";4;NO;0;"";4;1;1;55;REGULAR;"TITULO_ES_SKU | SIN_DESCRIPCION";"https://mayoristas.skyblue.com.ar/Products/4272"
4456;"XTI184484";"Xti by Sky Blue";"Invierno 26";"XTI184484";54558;"$ 54.558,00 + IVA";8;NO;0;"";5;2;1;55;REGULAR;"TITULO_ES_SKU | SIN_DESCRIPCION";"https://mayoristas.skyblue.com.ar/Products/4456"
4594;"XTI184485";"Xti by Sky Blue";"Invierno 26";"XTI184485";54558;"$ 54.558,00 + IVA";4;NO;0;"";0;1;1;55;REGULAR;"TITULO_ES_SKU | SIN_DESCRIPCION | SIN_STOCK_INMEDIATO";"https://mayoristas.skyblue.com.ar/Products/4594"
4444;"XTI184489";"Xti by Sky Blue";"Invierno 26";"XTI184489";50358;"$ 50.358,00 + IVA";8;NO;0;"";14;2;1;55;REGULAR;"TITULO_ES_SKU | SIN_DESCRIPCION";"https://mayoristas.skyblue.com.ar/Products/4444"
4276;"XTI184492";"Xti by Sky Blue";"Invierno 26";"XTI184492";58758;"$ 58.758,00 + IVA";6;NO;0;"";1;2;1;55;REGULAR;"TITULO_ES_SKU | SIN_DESCRIPCION";"https://mayoristas.skyblue.com.ar/Products/4276"
4275;"XTI184495";"Xti by Sky Blue";"Invierno 26";"XTI184495";58758;"$ 58.758,00 + IVA";8;NO;0;"";3;2;1;55;REGULAR;"TITULO_ES_SKU | SIN_DESCRIPCION";"https://mayoristas.skyblue.com.ar/Products/4275"
4465;"XTI184504";"Xti by Sky Blue";"Invierno 26";"XTI184504";54558;"$ 54.558,00 + IVA";5;NO;0;"";2;1;1;55;REGULAR;"TITULO_ES_SKU | SIN_DESCRIPCION";"https://mayoristas.skyblue.com.ar/Products/4465"
4446;"XTI184508";"Xti by Sky Blue";"Invierno 26";"XTI184508";58875;"$ 58.875,00 + IVA";5;NO;0;"";8;1;1;55;REGULAR;"TITULO_ES_SKU | SIN_DESCRIPCION";"https://mayoristas.skyblue.com.ar/Products/4446"
4455;"XTI184568";"Xti by Sky Blue";"Invierno 26";"XTI184568";58758;"$ 58.758,00 + IVA";4;NO;0;"";4;1;1;55;REGULAR;"TITULO_ES_SKU | SIN_DESCRIPCION";"https://mayoristas.skyblue.com.ar/Products/4455"
4392;"XTI184671";"Xti by Sky Blue";"Verano 27";"XTI184671";58758;"$ 58.758,00 + IVA";1;SI;364;"Bolso para mujer XTI de tipo hombro, fabricado en material q";10;1;1;70;REGULAR;"SOLO_1_FOTO | TITULO_ES_SKU";"https://mayoristas.skyblue.com.ar/Products/4392"
4393;"XTI184693";"Xti by Sky Blue";"Verano 27";"XTI184693";48712;"$ 48.712,00 + IVA";4;SI;391;"Bolso de hombro de mujer XTI confeccionado en suave antelina";30;4;1;80;EXCELENTE;"TITULO_ES_SKU";"https://mayoristas.skyblue.com.ar/Products/4393"
4395;"XTI184708";"Xti by Sky Blue";"Verano 27";"XTI184708";48712;"$ 48.712,00 + IVA";3;SI;434;"Bolso de mujer Xti confeccionado en suave antelina, con flec";25;3;1;80;EXCELENTE;"TITULO_ES_SKU";"https://mayoristas.skyblue.com.ar/Products/4395"
4146;"XTI87488";"Xti by Sky Blue";"Todo el año";"XTI87488";2000;"$ 2.000,00 + IVA";2;NO;0;"";50;1;1;40;CRITICO;"TITULO_ES_SKU | SIN_DESCRIPCION | PRECIO_ANOMALO (<$5k)";"https://mayoristas.skyblue.com.ar/Products/4146"
4147;"XTI87569";"Xti by Sky Blue";"Todo el año";"XTI87569";850;"$ 850,00 + IVA";1;NO;0;"";1200;1;1;30;CRITICO;"SOLO_1_FOTO | TITULO_ES_SKU | SIN_DESCRIPCION | PRECIO_ANOMALO (<$5k)";"https://mayoristas.skyblue.com.ar/Products/4147"
4180;"XTI92164";"Xti by Sky Blue";"Todo el año";"XTI92164";189000;"$ 189.000,00 + IVA";2;SI;227;"Juego de maletas de 3 piezas en negro con diseño moderno, rí";125;2;1;80;EXCELENTE;"TITULO_ES_SKU";"https://mayoristas.skyblue.com.ar/Products/4180"
4435;"XTI92169";"Xti by Sky Blue";"Todo el año";"XTI92169";46200;"$ 46.200,00 + IVA";3;NO;0;"";42;1;1;55;REGULAR;"TITULO_ES_SKU | SIN_DESCRIPCION";"https://mayoristas.skyblue.com.ar/Products/4435"